"score","categoria","marca","id_a","nome_a","lojas_a","preco_a","ean_a","gtin_a","mpn_a","id_b","nome_b","lojas_b","preco_b","ean_b","gtin_b","mpn_b","acao_manual","notas"
"1.00","raquetes","Bullpadel","20","Raquete Bullpadel Vertex 05","Zona de Padel | Padel Proshop PT | Atmosfera Sport | Deporvillage","208.96","8445402973996","8445402973996","VERTEX0526","2874","Raquete de padel Bullpadel Vertex 04 24","Smash Expert","199","8445402483761","","BV22000000","",""
"1.00","raquetes","Bullpadel","22","Raquete Bullpadel Vertex 05 W","Padel Proshop PT | Zona de Padel | Atmosfera Sport | Deporvillage","184.95","8445402974061","8445402974061","VERTEX05W26","2874","Raquete de padel Bullpadel Vertex 04 24","Smash Expert","199","8445402483761","","BV22000000","",""
"1.00","raquetes","Bullpadel","2052","Bullpadel discover pwr raquete de padel","Forum Sport ES | Zona de Padel","52.64","8445402833368","8445402833368","476580","2619","Raquete de padel Bullpadel Discover PWR","Decathlon ES","48.49","8445402833368","","9067022","",""
"1.00","raquetes","Bullpadel","2595","Raquete de padel Vertex 05 26","Atmosfera Sport | Decathlon ES","211.49","8447552008337","8445402789184","9002588","2874","Raquete de padel Bullpadel Vertex 04 24","Smash Expert","199","8445402483761","","BV22000000","",""
"1.00","raquetes","Bullpadel","2599","Raquete de padel - Bullpadel Vertex 05 M 26","Decathlon ES","249.99","8447552008351","","9002602","2874","Raquete de padel Bullpadel Vertex 04 24","Smash Expert","199","8445402483761","","BV22000000","",""
"1.00","raquetes","StarVie","1948","Starvie icarus 21 raquete de padel","Forum Sport ES","83.99","","8454000000553","ICARUS21","2604","Raquete de padel STARVIE ICARUS 22","Decathlon ES","124.99","8454000000553","","8778515","",""
"1.00","sacos","Head","1369","Head Padel Pro Racket Bag","Padel Proshop PT | Padel Market","7.95","0724794596289","724794596289","288075","2977","Bolsa de padel Head Pro X","Smash Expert","100","726423346456","","260045","",""
"1.00","sapatilhas","Bullpadel","2097","Bullpadel pearl vibram 26v sapatilhas Padel Mujer","Forum Sport ES","100.97","","8445402956531","493630","2678","Sapatilhas de padel para mujer Bullpadel Pearl Vibram 26V","Smash Expert | Sport is Good","110","8445402956517","","DC99011000","",""
"1.00","sapatilhas","ASICS","1980","Asics gel-challenger 14 padel sapatilhas Padel Mujer","Forum Sport ES","74.75","","4550457146555","1042A232","2912","Sapatilhas de padel para mujer Asics Gel-Challenger 14","Smash Expert","69.46","4550456668867","","1042A232 - 100","",""
"1.00","sapatilhas","ASICS","1980","Asics gel-challenger 14 padel sapatilhas Padel Mujer","Forum Sport ES","74.75","","4550457146555","1042A232","2957","Sapatilhas de padel para mujer Asics Gel-Challenger 14","Smash Expert","112","4570158188111","","1042A232 - 500","",""
"1.00","sapatilhas","ASICS","1980","Asics gel-challenger 14 padel sapatilhas Padel Mujer","Forum Sport ES","74.75","","4550457146555","1042A232","3030","Sapatilhas de padel para mujer Asics Gel-Challenger 15","Smash Expert","120","4570158838979","","1042A296 - 100","",""
"1.00","sapatilhas","ASICS","1980","Asics gel-challenger 14 padel sapatilhas Padel Mujer","Forum Sport ES","74.75","","4550457146555","1042A232","3031","Sapatilhas de padel para mujer Asics Gel-Challenger 15","Smash Expert","102","4570158842693","","1042A296 - 400","",""
"1.00","sapatilhas","ASICS","1980","Asics gel-challenger 14 padel sapatilhas Padel Mujer","Forum Sport ES","74.75","","4550457146555","1042A232","3139","Sapatilhas de padel para mujer Asics Gel-Challenger 15","Smash Expert","84.45","4571633432743","","1042A296 - 700","",""
"1.00","sapatilhas","ASICS","1980","Asics gel-challenger 14 padel sapatilhas Padel Mujer","Forum Sport ES","74.75","","4550457146555","1042A232","3140","Sapatilhas de padel para mujer Asics Gel-Challenger 15","Smash Expert","84.45","4571633445699","","1042A296 - 101","",""
"1.00","sapatilhas","ASICS","1980","Asics gel-challenger 14 padel sapatilhas Padel Mujer","Forum Sport ES","74.75","","4550457146555","1042A232","3173","Sapatilhas de padel para mujer Asics Gel-Challenger 15","Smash Expert","102","4571633871320","","1042A296 - 701","",""
"1.00","sapatilhas","ASICS","1980","Asics gel-challenger 14 padel sapatilhas Padel Mujer","Forum Sport ES","74.75","","4550457146555","1042A232","3174","Sapatilhas de padel para mujer Asics Gel-Challenger 15","Smash Expert","108","4571633889882","","1042A296 - 102","",""
"1.00","sapatilhas","ASICS","1987","Asics gel dedicate 8 padel sapatilhas Padel Mujer","Forum Sport ES","48.5","","4550457678087","1042A241","3032","Sapatilhas de padel para mujer Asics Gel-Dedicate 8","Smash Expert","75","4570158703512","","1042A241 - 104","",""
"1.00","sapatilhas","ASICS","1987","Asics gel dedicate 8 padel sapatilhas Padel Mujer","Forum Sport ES","48.5","","4550457678087","1042A241","3141","Sapatilhas de padel para mujer Asics Gel-dedicate 8","Smash Expert","53.28","4571633409851","","1042A241 - 700","",""
"1.00","sapatilhas","ASICS","1987","Asics gel dedicate 8 padel sapatilhas Padel Mujer","Forum Sport ES","48.5","","4550457678087","1042A241","3172","Sapatilhas de padel para mujer Asics Gel -Dedicate 9","Smash Expert","67.5","4571633873959","","1042A318 - 700","",""
"1.00","sapatilhas","ASICS","1987","Asics gel dedicate 8 padel sapatilhas Padel Mujer","Forum Sport ES","48.5","","4550457678087","1042A241","3399","Sapatilhas de padel para mujer Asics Gel-Dedicate 8","Smash Expert","53.9","4571633442209","","1042A241 - 105","",""
"1.00","sapatilhas","ASICS","1993","Asics game ff padel sapatilhas Padel Mujer","Forum Sport ES","55.43","","4570158167864","1042A286","2960","Sapatilhas de padel para mujer Asics Game FF","Smash Expert","76","4570158168311","","1042A286 - 100","",""
"1.00","sapatilhas","ASICS","2485","Sapatilhas de padel mujer - Asics Game FF padel","Decathlon ES","64.99","4571633432071","","9001463","2960","Sapatilhas de padel para mujer Asics Game FF","Smash Expert","76","4570158168311","","1042A286 - 100","",""
"1.00","sapatilhas","Head","216","Sapatilhas de padel Head Motion Pro BOA","Atmosfera Sport","121","0726423903406","0726423903406","273624-WHBK","2969","Sapatilhas de padel Head Motion Pro Boa","Smash Expert","176","726423903390","","273624","",""
"1.00","sapatilhas","Head","216","Sapatilhas de padel Head Motion Pro BOA","Atmosfera Sport","121","0726423903406","0726423903406","273624-WHBK","2970","Sapatilhas de padel Head Motion Pro Boa","Smash Expert","176","726423354048","","273625","",""
"0.83","raquetes","Babolat","924","Babolat Viper 3.0 2026 Juan Lebron padel racket","Zona de Padel | Padel Market","259.91","3324922283103","3324922283103","150174","2607","Raquete de padel Babolat Viper Juan Lebrón 3.0","Decathlon ES","349.99","3324922409114","","9000211","",""
"0.83","raquetes","Babolat","1438","Babolat Technical Viper Soft 3.0 2026 (Padel Racket)","Zona de Padel | Smash Expert | Padel Market | Padel Proshop PT","194.96","3324922283226","3324922283226","150179","2512","Raquete de padel Babolat Technical Viper Soft 3.0","Decathlon ES","249.99","3324922409275","","9000214","",""
"0.83","sapatilhas","ASICS","1991","Asics solution speed ff 3 padel sapatilhas Padel Hombre","Forum Sport ES","89.99","","4570158178174","1041A496","3028","Sapatilhas de padel Asics Solution Speed FF 3","Smash Expert","97.5","4570158708517","","1041A496 - 001","",""
"0.83","sapatilhas","ASICS","1999","Asics solution swift ff 2 padel sapatilhas Padel Hombre","Atmosfera Sport | Forum Sport ES","56.25","3324921774831","4570158701464","1041A465","3024","Sapatilhas de padel Asics Solution Swift FF 2","Smash Expert","104","4570158701464","","1041A465 - 401","",""
"0.83","sapatilhas","ASICS","1999","Asics solution swift ff 2 padel sapatilhas Padel Hombre","Atmosfera Sport | Forum Sport ES","56.25","3324921774831","4570158701464","1041A465","3029","Sapatilhas de padel Asics Solution Swift FF 2","Smash Expert","88","4570158704298","","1041A465 - 100","",""
"0.83","sapatilhas","ASICS","1999","Asics solution swift ff 2 padel sapatilhas Padel Hombre","Atmosfera Sport | Forum Sport ES","56.25","3324921774831","4570158701464","1041A465","3398","Sapatilhas de padel Asics Solution Swift FF 2","Smash Expert","118","4571633437588","","1041A465 - 402","",""
"0.83","sapatilhas","Head","216","Sapatilhas de padel Head Motion Pro BOA","Atmosfera Sport","121","0726423903406","0726423903406","273624-WHBK","2674","Sapatilhas de padel Head Motion Pro 1.5 BOA","Sport is Good | Smash Expert","176","198772059941","","273626","",""
"0.83","sapatilhas","Head","216","Sapatilhas de padel Head Motion Pro BOA","Atmosfera Sport","121","0726423903406","0726423903406","273624-WHBK","2694","Sapatilhas de padel Head Motion Pro 1.5 Boa","Sport is Good | Smash Expert","176","198772152628","","273946","",""
"0.83","sapatilhas","Mizuno","314","Sapatilhas padel Mizuno Wave Exceed Light 2 Mulher brancos","Atmosfera Sport","93.75","5059431698107","5059431698107","61GB2323-66","2778","Sapatilhas de padel Mizuno Wave Exceed Light Padel","Smash Expert","96","5059431428155","","61GB222240","",""
"0.83","sapatilhas","Mizuno","1887","Sapatilhas de padel Mizuno Wave Enforce Court CC","Padel Proshop PT","79","5059882870732","5059882870732","52161734476081","2667","Sapatilhas de padel Mizuno Wave Enforce Court","Sport is Good | Smash Expert","50.56","5059882573800","","61GB243745","",""
"0.83","sapatilhas","Mizuno","2025","Mizuno wave exceed tour 6 padel sapatilhas Padel Hombre","Forum Sport ES","90.44","","5059882574067","61GB2480","2669","Sapatilhas de padel Mizuno Wave Exceed Tour","Sport is Good | Smash Expert","68.94","5059882574050","","61GB248045","",""
"0.83","sapatilhas","Mizuno","2059","Mizuno wave exceed tour 7 padel sapatilhas Padel Hombre","Forum Sport ES","94.49","","5059882833102","61GB2677","2669","Sapatilhas de padel Mizuno Wave Exceed Tour","Sport is Good | Smash Expert","68.94","5059882574050","","61GB248045","",""
"0.80","raquetes","Babolat","822","Babolat Counter Viper 2.6 2026 (Padel Racket)","Zona de Padel | Padel Market | Padel Proshop PT","239.96","3324922283134","3324922283134","150177","2463","Raquete de padel Babolat Counter Viper 2.6","Decathlon ES","289.99","3324922409220","","9000212","",""
"0.80","raquetes","Adidas","716","Raquete adidas Metalbone Carbon Ctrl 3.4","Adidas Padel | Padel Market","143","8435739402788","","AR1CA1U45","1600","Raquete de Padel Adidas Metalbone Carbon CTRL","Smash Expert | Padel Proshop PT","137","8436548248949","8436548248949","47875266969905","",""
"0.80","sapatilhas","ASICS","1980","Asics gel-challenger 14 padel sapatilhas Padel Mujer","Forum Sport ES","74.75","","4550457146555","1042A232","2946","Sapatilhas de padel Asics Gel-challenger 14","Smash Expert","85.66","4550457145275","","1041A404 - 402","",""
"0.80","sapatilhas","ASICS","1980","Asics gel-challenger 14 padel sapatilhas Padel Mujer","Forum Sport ES","74.75","","4550457146555","1042A232","3136","Sapatilhas de padel Asics Gel-Challenger 15","Smash Expert","111","4571633426551","","1041A511 - 101","",""
"0.80","sapatilhas","ASICS","1980","Asics gel-challenger 14 padel sapatilhas Padel Mujer","Forum Sport ES","74.75","","4550457146555","1042A232","3137","Sapatilhas de padel Asics Gel-Challenger 15 L.E","Smash Expert","91","4571633404801","","1041A550 - 750","",""
"0.80","sapatilhas","ASICS","1980","Asics gel-challenger 14 padel sapatilhas Padel Mujer","Forum Sport ES","74.75","","4550457146555","1042A232","3403","Sapatilhas de padel Asics Gel-Challenger 15","Smash Expert","85.07","4571633434136","","1041A511 - 400","",""
"0.80","sapatilhas","ASICS","1987","Asics gel dedicate 8 padel sapatilhas Padel Mujer","Forum Sport ES","48.5","","4550457678087","1042A241","2955","Sapatilhas de padel Asics Gel-Dedicate 8","Smash Expert","53.28","4570158186612","","1041A414 - 001","",""
"0.80","sapatilhas","ASICS","1987","Asics gel dedicate 8 padel sapatilhas Padel Mujer","Forum Sport ES","48.5","","4550457678087","1042A241","3138","Sapatilhas de padel Asics Gel-dedicate 8","Smash Expert","72","4571633427473","","1041A414 - 003","",""
"0.80","sapatilhas","ASICS","1987","Asics gel dedicate 8 padel sapatilhas Padel Mujer","Forum Sport ES","48.5","","4550457678087","1042A241","3169","Sapatilhas de padel Asics Gel-Dedicate 9","Smash Expert","67.5","4571633876288","","1041A546 - 300","",""
"0.80","sapatilhas","ASICS","1987","Asics gel dedicate 8 padel sapatilhas Padel Mujer","Forum Sport ES","48.5","","4550457678087","1042A241","3396","Sapatilhas de padel Asics Gel-Dedicate 8","Smash Expert","70","4571633420016","","1041A414 - 301","",""
"0.80","sapatilhas","ASICS","1987","Asics gel dedicate 8 padel sapatilhas Padel Mujer","Forum Sport ES","48.5","","4550457678087","1042A241","3397","Sapatilhas de padel Asics Gel-Dedicate 8","Smash Expert","74","4571633406409","","1041A414 - 103","",""
"0.80","sapatilhas","ASICS","1992","Asics game ff padel sapatilhas Padel Hombre","Forum Sport ES","60.47","","4570158185400","1041A493","2959","Sapatilhas de padel Asics Game FF","Smash Expert","76","4570158173636","","1041A493 - 400","",""
"0.80","sapatilhas","ASICS","1992","Asics game ff padel sapatilhas Padel Hombre","Forum Sport ES","60.47","","4570158185400","1041A493","3027","Sapatilhas de padel Asics Game FF","Smash Expert","83","4570158702416","","1041A493 - 001","",""
"0.80","sapatilhas","ASICS","1992","Asics game ff padel sapatilhas Padel Hombre","Forum Sport ES","60.47","","4570158185400","1041A493","3135","Sapatilhas de padel Asics Game FF","Smash Expert","52.11","4571633430411","","1041A493 - 101","",""
"0.80","sapatilhas","ASICS","1992","Asics game ff padel sapatilhas Padel Hombre","Forum Sport ES","60.47","","4570158185400","1041A493","3168","Sapatilhas de padel Asics Game FF","Smash Expert","81","4571633872167","","1041A493 - 102","",""
"0.80","sapatilhas","ASICS","1993","Asics game ff padel sapatilhas Padel Mujer","Forum Sport ES","55.43","","4570158167864","1042A286","2959","Sapatilhas de padel Asics Game FF","Smash Expert","76","4570158173636","","1041A493 - 400","",""
"0.80","sapatilhas","ASICS","1993","Asics game ff padel sapatilhas Padel Mujer","Forum Sport ES","55.43","","4570158167864","1042A286","3027","Sapatilhas de padel Asics Game FF","Smash Expert","83","4570158702416","","1041A493 - 001","",""
"0.80","sapatilhas","ASICS","1993","Asics game ff padel sapatilhas Padel Mujer","Forum Sport ES","55.43","","4570158167864","1042A286","3135","Sapatilhas de padel Asics Game FF","Smash Expert","52.11","4571633430411","","1041A493 - 101","",""
"0.80","sapatilhas","ASICS","1993","Asics game ff padel sapatilhas Padel Mujer","Forum Sport ES","55.43","","4570158167864","1042A286","3168","Sapatilhas de padel Asics Game FF","Smash Expert","81","4571633872167","","1041A493 - 102","",""
"0.80","sapatilhas","ASICS","2000","Asics gel challenger 15 padel sapatilhas Padel Hombre","Forum Sport ES","95.99","","4570158852555","1041A511","2946","Sapatilhas de padel Asics Gel-challenger 14","Smash Expert","85.66","4550457145275","","1041A404 - 402","",""
"0.80","sapatilhas","ASICS","2000","Asics gel challenger 15 padel sapatilhas Padel Hombre","Forum Sport ES","95.99","","4570158852555","1041A511","3136","Sapatilhas de padel Asics Gel-Challenger 15","Smash Expert","111","4571633426551","","1041A511 - 101","",""
"0.80","sapatilhas","ASICS","2000","Asics gel challenger 15 padel sapatilhas Padel Hombre","Forum Sport ES","95.99","","4570158852555","1041A511","3137","Sapatilhas de padel Asics Gel-Challenger 15 L.E","Smash Expert","91","4571633404801","","1041A550 - 750","",""
"0.80","sapatilhas","ASICS","2000","Asics gel challenger 15 padel sapatilhas Padel Hombre","Forum Sport ES","95.99","","4570158852555","1041A511","3403","Sapatilhas de padel Asics Gel-Challenger 15","Smash Expert","85.07","4571633434136","","1041A511 - 400","",""
"0.80","sapatilhas","ASICS","2023","Asics gel-dedicate 8 padel sapatilhas Padel Hombre","Forum Sport ES","51.74","","4571633427411","1041A414","2955","Sapatilhas de padel Asics Gel-Dedicate 8","Smash Expert","53.28","4570158186612","","1041A414 - 001","",""
"0.80","sapatilhas","ASICS","2023","Asics gel-dedicate 8 padel sapatilhas Padel Hombre","Forum Sport ES","51.74","","4571633427411","1041A414","3138","Sapatilhas de padel Asics Gel-dedicate 8","Smash Expert","72","4571633427473","","1041A414 - 003","",""
"0.80","sapatilhas","ASICS","2023","Asics gel-dedicate 8 padel sapatilhas Padel Hombre","Forum Sport ES","51.74","","4571633427411","1041A414","3169","Sapatilhas de padel Asics Gel-Dedicate 9","Smash Expert","67.5","4571633876288","","1041A546 - 300","",""
"0.80","sapatilhas","ASICS","2023","Asics gel-dedicate 8 padel sapatilhas Padel Hombre","Forum Sport ES","51.74","","4571633427411","1041A414","3396","Sapatilhas de padel Asics Gel-Dedicate 8","Smash Expert","70","4571633420016","","1041A414 - 301","",""
"0.80","sapatilhas","ASICS","2023","Asics gel-dedicate 8 padel sapatilhas Padel Hombre","Forum Sport ES","51.74","","4571633427411","1041A414","3397","Sapatilhas de padel Asics Gel-Dedicate 8","Smash Expert","74","4571633406409","","1041A414 - 103","",""
"0.80","sapatilhas","ASICS","2485","Sapatilhas de padel mujer - Asics Game FF padel","Decathlon ES","64.99","4571633432071","","9001463","2959","Sapatilhas de padel Asics Game FF","Smash Expert","76","4570158173636","","1041A493 - 400","",""
"0.80","sapatilhas","ASICS","2485","Sapatilhas de padel mujer - Asics Game FF padel","Decathlon ES","64.99","4571633432071","","9001463","3027","Sapatilhas de padel Asics Game FF","Smash Expert","83","4570158702416","","1041A493 - 001","",""
"0.80","sapatilhas","ASICS","2485","Sapatilhas de padel mujer - Asics Game FF padel","Decathlon ES","64.99","4571633432071","","9001463","3135","Sapatilhas de padel Asics Game FF","Smash Expert","52.11","4571633430411","","1041A493 - 101","",""
"0.80","sapatilhas","ASICS","2485","Sapatilhas de padel mujer - Asics Game FF padel","Decathlon ES","64.99","4571633432071","","9001463","3168","Sapatilhas de padel Asics Game FF","Smash Expert","81","4571633872167","","1041A493 - 102","",""
"0.80","sapatilhas","Head","216","Sapatilhas de padel Head Motion Pro BOA","Atmosfera Sport","121","0726423903406","0726423903406","273624-WHBK","2659","Sapatilhas de padel Head Motion Pro","Sport is Good | Smash Expert","128","726423354437","","273645","",""
"0.80","sapatilhas","Head","216","Sapatilhas de padel Head Motion Pro BOA","Atmosfera Sport","121","0726423903406","0726423903406","273624-WHBK","2968","Sapatilhas de padel Head Motion Pro","Smash Expert","128","726423354246","","273635","",""
"0.79","sapatilhas","Mizuno","1703","Sapatilhas de padel Mizuno Wave Exceed Tour 6 Verde","Padel Proshop PT","89","5059431840520","5059431840520","49884156231985","2669","Sapatilhas de padel Mizuno Wave Exceed Tour","Sport is Good | Smash Expert","68.94","5059882574050","","61GB248045","",""
"0.79","sapatilhas","Mizuno","1748","Sapatilhas de padel Mizuno Wave Enforce Tour 2 Amarelo","Padel Proshop PT","109","5059882574265","5059882574265","51843181314353","3068","Sapatilhas de padel Mizuno Wave Enforce Tour 2 Padel","Smash Expert","113","5059882574296","","61GB250645","",""
"0.79","sapatilhas","Mizuno","1748","Sapatilhas de padel Mizuno Wave Enforce Tour 2 Amarelo","Padel Proshop PT","109","5059882574265","5059882574265","51843181314353","3179","Sapatilhas de padel Mizuno Wave Enforce Tour 2","Smash Expert","105.85","5059882832976","","61GB260535","",""
"0.76","sacos","Wilson","403","Saco padel Wilson de Bela Super Tour Padel Preto","Padel Proshop PT | Atmosfera Sport","89.95","0097512789509","0097512789509","WR8907201","2881","Saco Wilson Bela Super Tour","Smash Expert","83","97512705844","","WR8903602","",""
"0.75","acessorios","Head","1949","Head padel pro grip overgrip padel","Forum Sport ES","6.99","","724794133521","285111","2486","Head padel pro overgrip","Decathlon ES | Smash Expert","7.99","0724794133521","","8629377","",""
"0.75","acessorios","Head","1990","Head padel pro perforated overgrip padel","Forum Sport ES","7.99","","724794936498","285701","2486","Head padel pro overgrip","Decathlon ES | Smash Expert","7.99","0724794133521","","8629377","",""
"0.75","raquetes","Bullpadel","15","Raquete Bullpadel Hack 04 Premier","Atmosfera Sport","263.99","8445402789146","8445402789146","HACK04PREMIER","1637","Raquete de Padel Bullpadel Hack 04 Premier Padel 2026","Forum Sport ES | Zona de Padel | Padel Proshop PT","235.59","8447552015410","8447552015410","53010047074609","",""
"0.75","raquetes","Bullpadel","95","Raquete Homem Bullpadel Xplo Comfort 25","Atmosfera Sport","125.39","8445402755639","8445402755639","XPLOCOMFORT25-000","1741","Raquete de Padel Bullpadel Xplo Comfort 2026","Padel Proshop PT | Zona de Padel","169.9","8445402974085","8445402974085","51791001714993","",""
"0.75","raquetes","Bullpadel","2495","Raquete de padel - Bullpadel Vertex 05 Comfort 26","Decathlon ES","199.99","8447552008344","","9002587","2740","Raqueta de padel Bullpadel Vertex 03 Comfort 22","Smash Expert","113","8445402125012","","AU47000000","",""
"0.75","raquetes","Adidas","715","Raquete de padel adidas Match Black 3.4","Adidas Padel | Zona de Padel","45","8435739402986","8435739402986","11579","2002","Adidas Padel match black 34 raquete de padel","Forum Sport ES","51.97","","8435739402986","AR5GA0U10","",""
"0.75","raquetes","Adidas","768","Raquete de padel adidas Match Black 2026","Zona de Padel | Padel Proshop PT | Smash Expert | Padel Market | Adidas Padel | Deporvillage","59.95","8435739406052","8435739406052","AR5GA3U23","2002","Adidas Padel match black 34 raquete de padel","Forum Sport ES","51.97","","8435739402986","AR5GA0U10","",""
"0.75","raquetes","Dunlop","1938","Dunlop aerostar lite raquete de padel","Forum Sport ES","143.99","","45566302786","10312142","2813","Raqueta de padel Dunlop 23 Aerostar Lite","Smash Expert","133","45566304247","","10335747","",""
"0.75","sacos","Adidas","702","Mochila Multigame Cinzento 3.3","Adidas Padel","48","8436548249328","","","3304","Mochila adidas Multigame 3.3","Smash Expert","51.66","8436548246952","","A000680","",""
"0.75","sapatilhas","Mizuno","2060","Mizuno wave exceed tour 7 cc sapatilhas Padel Mujer","Forum Sport ES","91.79","","5059882833782","61GC2676","3066","Sapatilhas de padel para mujer Mizuno Wave Exceed Tour AC","Smash Expert","100.73","5059882572186","","61GA247174","",""
"0.71","acessorios","Bullpadel","126","Gaveta bolas Bullpadel Premium Pro padel","Atmosfera Sport | Zona de Padel","97.97","8445402550234","8445402550234","PREMIUM-PRO-BOX","1525","Gaveta Bolas de padel Bullpadel Premium Pro (Pacote x24)","Padel Proshop PT","104","","","45518871691569","",""
"0.71","raquetes","Babolat","1767","Raquete de Padel Babolat Viper Juan Lebron 3.0 FW 2026","Zona de Padel | Padel Proshop PT","291.96","3324922317396","3324922317396","53884710322481","2607","Raquete de padel Babolat Viper Juan Lebrón 3.0","Decathlon ES","349.99","3324922409114","","9000211","",""
"0.71","raquetes","Drop Shot","2078","Dropshot conqueror attack 20 raquete de padel","Forum Sport ES | Zona de Padel","224.39","8435758316103","8435758316103","DP344014","3076","Raqueta de padel Dropshot Conqueror Attack 1.0","Smash Expert","199","8435758306647","","8435758306647","",""
"0.71","sapatilhas","Bullpadel","2094","Bullpadel vertex vibram 26v sapatilhas Padel Mujer","Forum Sport ES","94.85","","8445402957118","493650","2678","Sapatilhas de padel para mujer Bullpadel Pearl Vibram 26V","Smash Expert | Sport is Good","110","8445402956517","","DC99011000","",""
"0.71","sapatilhas","Bullpadel","2103","Bullpadel vertex vibram 26v sapatilhas Padel Mujer","Forum Sport ES","94.85","","8445402956883","493660","2678","Sapatilhas de padel para mujer Bullpadel Pearl Vibram 26V","Smash Expert | Sport is Good","110","8445402956517","","DC99011000","",""
"0.71","sapatilhas","ASICS","1999","Asics solution swift ff 2 padel sapatilhas Padel Hombre","Atmosfera Sport | Forum Sport ES","56.25","3324921774831","4570158701464","1041A465","2948","Sapatilhas de padel para mujer Asics Solution Swift FF 2 L.E","Smash Expert","84.45","4550457666671","","1042A264 - 500","",""
"0.71","sapatilhas","ASICS","1999","Asics solution swift ff 2 padel sapatilhas Padel Hombre","Atmosfera Sport | Forum Sport ES","56.25","3324921774831","4570158701464","1041A465","2958","Sapatilhas de padel para mujer Asics Solution Swift FF 2","Smash Expert","85.66","4570158182348","","1042A264 - 700","",""
"0.71","sapatilhas","Mizuno","307","Sapatilhas padel Homem Mizuno Wave Enforce Tour 2 CC brancos","Atmosfera Sport","100.5","5059882833256","5059882833256","61GC2603-20","3068","Sapatilhas de padel Mizuno Wave Enforce Tour 2 Padel","Smash Expert","113","5059882574296","","61GB250645","",""
"0.71","sapatilhas","Mizuno","307","Sapatilhas padel Homem Mizuno Wave Enforce Tour 2 CC brancos","Atmosfera Sport","100.5","5059882833256","5059882833256","61GC2603-20","3179","Sapatilhas de padel Mizuno Wave Enforce Tour 2","Smash Expert","105.85","5059882832976","","61GB260535","",""
"0.71","sapatilhas","Mizuno","314","Sapatilhas padel Mizuno Wave Exceed Light 2 Mulher brancos","Atmosfera Sport","93.75","5059431698107","5059431698107","61GB2323-66","2736","Sapatilhas de interior Mizuno Wave Exceed Light Padel","Smash Expert","117","5059431363173","","61GB222210","",""
"0.71","sapatilhas","Mizuno","314","Sapatilhas padel Mizuno Wave Exceed Light 2 Mulher brancos","Atmosfera Sport","93.75","5059431698107","5059431698107","61GB2323-66","2737","Sapatilhas de padel interior Mizuno Wave Exceed Light Padel","Smash Expert","117","5059431363289","","61GB222225","",""
"0.71","sapatilhas","Mizuno","314","Sapatilhas padel Mizuno Wave Exceed Light 2 Mulher brancos","Atmosfera Sport","93.75","5059431698107","5059431698107","61GB2323-66","2835","Sapatilhas de padel para mujer Mizuno Wave Exceed Light","Smash Expert","125","5059431540383","","61GB232391","",""
"0.71","sapatilhas","Mizuno","1969","Mizuno wave exceed tour 5 cc sapatilhas Padel Hombre","Forum Sport ES","104.99","","5059431429435","61GC2274","2669","Sapatilhas de padel Mizuno Wave Exceed Tour","Sport is Good | Smash Expert","68.94","5059882574050","","61GB248045","",""
"0.71","sapatilhas","Mizuno","2025","Mizuno wave exceed tour 6 padel sapatilhas Padel Hombre","Forum Sport ES","90.44","","5059882574067","61GB2480","2686","Sapatilhas de tenis Mizuno Wave Exceed Tour 7 Padel","Sport is Good | Smash Expert","96.17","5059882833133","","61GB267735","",""
"0.71","sapatilhas","Mizuno","2059","Mizuno wave exceed tour 7 padel sapatilhas Padel Hombre","Forum Sport ES","94.49","","5059882833102","61GB2677","2686","Sapatilhas de tenis Mizuno Wave Exceed Tour 7 Padel","Sport is Good | Smash Expert","96.17","5059882833133","","61GB267735","",""
"0.71","sapatilhas","Mizuno","2060","Mizuno wave exceed tour 7 cc sapatilhas Padel Mujer","Forum Sport ES","91.79","","5059882833782","61GC2676","2669","Sapatilhas de padel Mizuno Wave Exceed Tour","Sport is Good | Smash Expert","68.94","5059882574050","","61GB248045","",""
"0.71","sapatilhas","Mizuno","2060","Mizuno wave exceed tour 7 cc sapatilhas Padel Mujer","Forum Sport ES","91.79","","5059882833782","61GC2676","3065","Sapatilhas de padel para mujer Mizuno Wave Exceed","Smash Expert","84.18","5059882574678","","61GB252344","",""
"0.71","sapatilhas","Mizuno","2061","Mizuno wave exceed tour 7 cc sapatilhas Padel Hombre","Forum Sport ES","91.79","","5059882833744","61GC2675","2669","Sapatilhas de padel Mizuno Wave Exceed Tour","Sport is Good | Smash Expert","68.94","5059882574050","","61GB248045","",""
"0.71","sacos","Bullpadel","1822","Bolsa padel Bullpadel Tour Preto 2026","Zona de Padel | Forum Sport ES | Padel Proshop PT","25.21","8447552006999","8447552006999","52456278163761","2600","Saco de padel Bullpadel Tour 2026","Decathlon ES","41.99","8447552006968","","9002017","",""
"0.67","raquetes","Drop Shot","38","Raquete de padel Drop Shot Explorer Pro Attack","Atmosfera Sport","339.99","8435758312778","8435758312778","DP324024","2093","Dropshot explorer pro attack soft raquete de padel","Forum Sport ES | Zona de Padel","190.39","8435758316059","8435758316059","DP344009","",""
"0.67","sapatilhas","Bullpadel","2162","Sapatilhas Bullpadel Hybrid Fly 26V white 2026","Zona de Padel","72.01","8445402955282","8445402955282","14579","2675","Sapatilhas de padel Bullpadel Hybrid Fly 26V","Sport is Good | Smash Expert","70.39","8445402955305","","DC96012000","",""
"0.67","sapatilhas","Bullpadel","2163","Sapatilhas Bullpadel Hybrid Fly 26V grey 2026","Zona de Padel","59.96","8445402955084","8445402955084","14578","2675","Sapatilhas de padel Bullpadel Hybrid Fly 26V","Sport is Good | Smash Expert","70.39","8445402955305","","DC96012000","",""
"0.67","sapatilhas","Mizuno","293","Sapatilhas Mizuno Homem padel Wave Exceed Tour 6 Padel Vermelho Escuro","Atmosfera Sport","112.5","5059431831078","5059431831078","61GB2480-06","2669","Sapatilhas de padel Mizuno Wave Exceed Tour","Sport is Good | Smash Expert","68.94","5059882574050","","61GB248045","",""
"0.67","sapatilhas","Mizuno","294","Sapatilhas Mizuno Mulher de Padel Wave Exceed Light 2 Cc Branco","Atmosfera Sport","93.75","5059431839678","5059431839678","61GC2321-45","2778","Sapatilhas de padel Mizuno Wave Exceed Light Padel","Smash Expert","96","5059431428155","","61GB222240","",""
"0.67","sapatilhas","Mizuno","1703","Sapatilhas de padel Mizuno Wave Exceed Tour 6 Verde","Padel Proshop PT","89","5059431840520","5059431840520","49884156231985","2686","Sapatilhas de tenis Mizuno Wave Exceed Tour 7 Padel","Sport is Good | Smash Expert","96.17","5059882833133","","61GB267735","",""
"0.67","acessorios","LOK","129","Gaveta de Bolas padel Lok Fresh","Atmosfera Sport","130.5","1946753214860","1946753214860","BL1XA0-BOX","1712","Gaveta Bolas de padel Lok Fresh (Pacote x24)","Padel Proshop PT","112","","","50163600195889","",""
"0.67","raquetes","Babolat","1838","Raquete de Padel Babolat Technical Viper 2025","Smash Expert | Padel Proshop PT","171.79","3324922164471","3324922164471","50606798209329","2398","Babolat Technical Viper Juan Lebron 2025","Zona de Padel","174.34","3324922164464","3324922164464","10835","",""
"0.67","raquetes","Bullpadel","8","Padel raquete Mulher Bullpadel Vertex 04 W Premier","Atmosfera Sport","202.49","8445402789207","8445402789207","VERTEX04WPREMIER","2599","Raquete de padel - Bullpadel Vertex 05 M 26","Decathlon ES","249.99","8447552008351","","9002602","",""
"0.67","raquetes","Bullpadel","8","Padel raquete Mulher Bullpadel Vertex 04 W Premier","Atmosfera Sport","202.49","8445402789207","8445402789207","VERTEX04WPREMIER","2874","Raquete de padel Bullpadel Vertex 04 24","Smash Expert","199","8445402483761","","BV22000000","",""
"0.67","raquetes","Bullpadel","20","Raquete Bullpadel Vertex 05","Zona de Padel | Padel Proshop PT | Atmosfera Sport | Deporvillage","208.96","8445402973996","8445402973996","VERTEX0526","2101","Bullpadel vertex 05 tf 25 raquete de padel","Forum Sport ES","269.99","","8447552015335","495197","",""
"0.67","raquetes","Bullpadel","20","Raquete Bullpadel Vertex 05","Zona de Padel | Padel Proshop PT | Atmosfera Sport | Deporvillage","208.96","8445402973996","8445402973996","VERTEX0526","2739","Raqueta de padel Bullpadel Vertex 03 22","Smash Expert","125","8445402124930","","AU43000000","",""
"0.67","raquetes","Bullpadel","22","Raquete Bullpadel Vertex 05 W","Padel Proshop PT | Zona de Padel | Atmosfera Sport | Deporvillage","184.95","8445402974061","8445402974061","VERTEX05W26","2101","Bullpadel vertex 05 tf 25 raquete de padel","Forum Sport ES","269.99","","8447552015335","495197","",""
"0.67","raquetes","Bullpadel","22","Raquete Bullpadel Vertex 05 W","Padel Proshop PT | Zona de Padel | Atmosfera Sport | Deporvillage","184.95","8445402974061","8445402974061","VERTEX05W26","2739","Raqueta de padel Bullpadel Vertex 03 22","Smash Expert","125","8445402124930","","AU43000000","",""
"0.67","raquetes","Bullpadel","1707","Raquete de Padel Bullpadel VERTEX 03 CTR","Padel Proshop PT","139","8445402248483","8445402248483","50006267461937","2595","Raquete de padel Vertex 05 26","Atmosfera Sport | Decathlon ES","211.49","8447552008337","8445402789184","9002588","",""
"0.67","raquetes","Bullpadel","1707","Raquete de Padel Bullpadel VERTEX 03 CTR","Padel Proshop PT","139","8445402248483","8445402248483","50006267461937","2599","Raquete de padel - Bullpadel Vertex 05 M 26","Decathlon ES","249.99","8447552008351","","9002602","",""
"0.67","raquetes","Bullpadel","1707","Raquete de Padel Bullpadel VERTEX 03 CTR","Padel Proshop PT","139","8445402248483","8445402248483","50006267461937","2874","Raquete de padel Bullpadel Vertex 04 24","Smash Expert","199","8445402483761","","BV22000000","",""
"0.67","raquetes","Bullpadel","1796","Raquete de Padel Bullpadel Neuron 02 Cloud Fede Chingotto 2026","Zona de Padel | Padel Proshop PT | Smash Expert","189.96","8445402975105","8445402975105","52261615567153","2594","Raquete de padel Bullpadel Neuron 02 26 Fede Chingotto","Decathlon ES","289.99","8447552008375","","9002589","",""
"0.67","raquetes","Bullpadel","1904","Raquete de Padel Bullpadel Hack 04 Jr 2026 Paquito Navarro","Forum Sport ES | Zona de Padel | Padel Proshop PT","60.29","8445402993871","8445402993871","52234126950705","2617","Raquete de padel Bullpadel HACK 04 26 Paquito Navarro","Decathlon ES","255.49","8447552008320","","9002601","",""
"0.67","raquetes","Bullpadel","2101","Bullpadel vertex 05 tf 25 raquete de padel","Forum Sport ES","269.99","","8447552015335","495197","2595","Raquete de padel Vertex 05 26","Atmosfera Sport | Decathlon ES","211.49","8447552008337","8445402789184","9002588","",""
"0.67","raquetes","Bullpadel","2101","Bullpadel vertex 05 tf 25 raquete de padel","Forum Sport ES","269.99","","8447552015335","495197","2599","Raquete de padel - Bullpadel Vertex 05 M 26","Decathlon ES","249.99","8447552008351","","9002602","",""
"0.67","raquetes","Bullpadel","2101","Bullpadel vertex 05 tf 25 raquete de padel","Forum Sport ES","269.99","","8447552015335","495197","2874","Raquete de padel Bullpadel Vertex 04 24","Smash Expert","199","8445402483761","","BV22000000","",""
"0.67","raquetes","Bullpadel","2397","Bullpadel Vertex 04 2025","Zona de Padel","159.96","8445402691890","8445402691890","10839","2595","Raquete de padel Vertex 05 26","Atmosfera Sport | Decathlon ES","211.49","8447552008337","8445402789184","9002588","",""
"0.67","raquetes","Bullpadel","2397","Bullpadel Vertex 04 2025","Zona de Padel","159.96","8445402691890","8445402691890","10839","2599","Raquete de padel - Bullpadel Vertex 05 M 26","Decathlon ES","249.99","8447552008351","","9002602","",""
"0.67","raquetes","Bullpadel","2397","Bullpadel Vertex 04 2025","Zona de Padel","159.96","8445402691890","8445402691890","10839","2874","Raquete de padel Bullpadel Vertex 04 24","Smash Expert","199","8445402483761","","BV22000000","",""
"0.67","raquetes","Bullpadel","2531","Raquete de padel Bullpadel Vertex XS 26","Decathlon ES","119.99","8447552008474","","9002584","2874","Raquete de padel Bullpadel Vertex 04 24","Smash Expert","199","8445402483761","","BV22000000","",""
"0.67","raquetes","Bullpadel","2595","Raquete de padel Vertex 05 26","Atmosfera Sport | Decathlon ES","211.49","8447552008337","8445402789184","9002588","2739","Raqueta de padel Bullpadel Vertex 03 22","Smash Expert","125","8445402124930","","AU43000000","",""
"0.67","raquetes","Bullpadel","2599","Raquete de padel - Bullpadel Vertex 05 M 26","Decathlon ES","249.99","8447552008351","","9002602","2739","Raqueta de padel Bullpadel Vertex 03 22","Smash Expert","125","8445402124930","","AU43000000","",""
"0.67","raquetes","Bullpadel","2615","Raquete de padel para - Bullpadel Hack 02 26","Decathlon ES","119.99","8447552008467","","9002578","2738","Raqueta de padel Bullpadel Hack 03 22","Smash Expert","115","8445402124879","","AU40000000","",""
"0.67","raquetes","Bullpadel","2615","Raquete de padel para - Bullpadel Hack 02 26","Decathlon ES","119.99","8447552008467","","9002578","2876","Raqueta de padel Bullpadel Hack 03 24","Smash Expert","205","8445402483730","","BV19000000","",""
"0.67","raquetes","Bullpadel","2615","Raquete de padel para - Bullpadel Hack 02 26","Decathlon ES","119.99","8447552008467","","9002578","2952","Raqueta de padel Bullpadel Hack 04 25","Smash Expert","174","8445402691838","","CN62000000-000000","",""
"0.67","raquetes","Drop Shot","36","Raquete de padel Drop Shot Conqueror Attack 1.5","Atmosfera Sport","190.91","8435758312761","8435758312761","DP324023","2078","Dropshot conqueror attack 20 raquete de padel","Forum Sport ES | Zona de Padel","224.39","8435758316103","8435758316103","DP344014","",""
"0.67","raquetes","Dunlop","1951","Dunlop galactica lite raquete de padel","Forum Sport ES","95.99","","45566303899","10325867","2786","Raquete de padel Dunlop Galactica","Smash Expert","137","45566303882","","10325866","",""
"0.67","sacos","Bullpadel","2204","Saco Bullpadel BPP26014 Advance negro lima 2026","Zona de Padel","42.01","8447552006906","8447552006906","14372","2593","Saco Bullpadel Advance 2026 Negro","Decathlon ES","71.99","8447552006869","","9002015","",""
"0.67","sacos","Adidas","762","Accessory Bag 3.3","Adidas Padel","14.4","8436548249472","","","3304","Mochila adidas Multigame 3.3","Smash Expert","51.66","8436548246952","","A000680","",""
"0.67","sacos","Head","375","Mochila para Padel Head Coello Tour 25L","Atmosfera Sport | Padel Proshop PT","63","0198772188702","0198772188702","261936-SC","1269","Head Coello Tour Padel Backpack 25L 2025 Arturo Coello (Backpack)","Padel Market","69.95","0198772136666","","261975","",""
"0.67","sacos","Head","1369","Head Padel Pro Racket Bag","Padel Proshop PT | Padel Market","7.95","0724794596289","724794596289","288075","2622","Bolsa de padel isotérmica 45 L- Head Pro X","Decathlon ES","120.49","0724794635872","","8891359","",""
"0.67","sacos","Head","2622","Bolsa de padel isotérmica 45 L- Head Pro X","Decathlon ES","120.49","0724794635872","","8891359","2977","Bolsa de padel Head Pro X","Smash Expert","100","726423346456","","260045","",""
"0.67","sapatilhas","Bullpadel","2190","Sapatilhas Bullpadel Neuron 26V navy 2026","Zona de Padel","84.01","8445402953608","8445402953608","14405","2677","Sapatilhas de padel Bullpadel Neuron 26V","Sport is Good | Smash Expert","99.78","8445402953585","","DC93004000","",""
"0.67","sapatilhas","Bullpadel","2481","Sapatilhas de padel hombre - Bullpadel Icon 25V negro","Decathlon ES","59.99","8445402784318","","8948113","2649","Sapatilhas de padel Bullpadel Icon 25V","Sport is Good | Smash Expert","56.01","8445402678105","","CM55420000-420000","",""
"0.67","sapatilhas","Bullpadel","2513","Sapatilhas de padel Hombre Bullpadel Neuron 26V Gris","Decathlon ES","139.99","8447552008436","","9001994","2677","Sapatilhas de padel Bullpadel Neuron 26V","Sport is Good | Smash Expert","99.78","8445402953585","","DC93004000","",""
"0.67","sapatilhas","Adidas","2054","Adidas T crazyquick ls padel sapatilhas Padel Mujer","Forum Sport ES","105.6","","4068811923471","JR4659","3360","Sapatilhas de padel para mujer adidas Crazyquick Boost Padel","Smash Expert","159","4068811950460","","JR4660","",""
"0.67","sapatilhas","Adidas","2110","Adidas T zap courtquick padel m bl sapatilhas Padel Hombre","Forum Sport ES","65.6","","4069989110373","KH5915","2585","Sapatilhas de padel Hombre - adidas Courtquick padel","Decathlon ES | Smash Expert","72.99","4068812885785","","9001589","",""
"0.67","sapatilhas","ASICS","1980","Asics gel-challenger 14 padel sapatilhas Padel Mujer","Forum Sport ES","74.75","","4550457146555","1042A232","2728","Zapatos de mujer padel Asics Gel-challenger 13","Smash Expert","109","4550455658500","","1042A205 - 400","",""
"0.67","sapatilhas","ASICS","1980","Asics gel-challenger 14 padel sapatilhas Padel Mujer","Forum Sport ES","74.75","","4550457146555","1042A232","2742","Sapatilhas de padel para mujer Asics Gel-Resolution 9","Smash Expert","106.72","4550456668560","","1042A245 - 400","",""
"0.67","sapatilhas","ASICS","1980","Asics gel-challenger 14 padel sapatilhas Padel Mujer","Forum Sport ES","74.75","","4550457146555","1042A232","3032","Sapatilhas de padel para mujer Asics Gel-Dedicate 8","Smash Expert","75","4570158703512","","1042A241 - 104","",""
"0.67","sapatilhas","ASICS","1980","Asics gel-challenger 14 padel sapatilhas Padel Mujer","Forum Sport ES","74.75","","4550457146555","1042A232","3141","Sapatilhas de padel para mujer Asics Gel-dedicate 8","Smash Expert","53.28","4571633409851","","1042A241 - 700","",""
"0.67","sapatilhas","ASICS","1980","Asics gel-challenger 14 padel sapatilhas Padel Mujer","Forum Sport ES","74.75","","4550457146555","1042A232","3142","Sapatilhas de padel para mujer Asics Gel-resolution X","Smash Expert","140","4571633409295","","1042A285 - 501","",""
"0.67","sapatilhas","ASICS","1980","Asics gel-challenger 14 padel sapatilhas Padel Mujer","Forum Sport ES","74.75","","4550457146555","1042A232","3172","Sapatilhas de padel para mujer Asics Gel -Dedicate 9","Smash Expert","67.5","4571633873959","","1042A318 - 700","",""
"0.67","sapatilhas","ASICS","1980","Asics gel-challenger 14 padel sapatilhas Padel Mujer","Forum Sport ES","74.75","","4550457146555","1042A232","3399","Sapatilhas de padel para mujer Asics Gel-Dedicate 8","Smash Expert","53.9","4571633442209","","1042A241 - 105","",""
"0.67","sapatilhas","ASICS","1986","Asics solution swift 2 padel sapatilhas Padel Hombre","Forum Sport ES","90.99","","4550457832076","1041A497","3024","Sapatilhas de padel Asics Solution Swift FF 2","Smash Expert","104","4570158701464","","1041A465 - 401","",""
"0.67","sapatilhas","ASICS","1986","Asics solution swift 2 padel sapatilhas Padel Hombre","Forum Sport ES","90.99","","4550457832076","1041A497","3029","Sapatilhas de padel Asics Solution Swift FF 2","Smash Expert","88","4570158704298","","1041A465 - 100","",""
"0.67","sapatilhas","ASICS","1986","Asics solution swift 2 padel sapatilhas Padel Hombre","Forum Sport ES","90.99","","4550457832076","1041A497","3398","Sapatilhas de padel Asics Solution Swift FF 2","Smash Expert","118","4571633437588","","1041A465 - 402","",""
"0.67","sapatilhas","ASICS","1987","Asics gel dedicate 8 padel sapatilhas Padel Mujer","Forum Sport ES","48.5","","4550457678087","1042A241","2742","Sapatilhas de padel para mujer Asics Gel-Resolution 9","Smash Expert","106.72","4550456668560","","1042A245 - 400","",""
"0.67","sapatilhas","ASICS","1987","Asics gel dedicate 8 padel sapatilhas Padel Mujer","Forum Sport ES","48.5","","4550457678087","1042A241","2912","Sapatilhas de padel para mujer Asics Gel-Challenger 14","Smash Expert","69.46","4550456668867","","1042A232 - 100","",""
"0.67","sapatilhas","ASICS","1987","Asics gel dedicate 8 padel sapatilhas Padel Mujer","Forum Sport ES","48.5","","4550457678087","1042A241","2957","Sapatilhas de padel para mujer Asics Gel-Challenger 14","Smash Expert","112","4570158188111","","1042A232 - 500","",""
"0.67","sapatilhas","ASICS","1987","Asics gel dedicate 8 padel sapatilhas Padel Mujer","Forum Sport ES","48.5","","4550457678087","1042A241","3030","Sapatilhas de padel para mujer Asics Gel-Challenger 15","Smash Expert","120","4570158838979","","1042A296 - 100","",""
"0.67","sapatilhas","ASICS","1987","Asics gel dedicate 8 padel sapatilhas Padel Mujer","Forum Sport ES","48.5","","4550457678087","1042A241","3031","Sapatilhas de padel para mujer Asics Gel-Challenger 15","Smash Expert","102","4570158842693","","1042A296 - 400","",""
"0.67","sapatilhas","ASICS","1987","Asics gel dedicate 8 padel sapatilhas Padel Mujer","Forum Sport ES","48.5","","4550457678087","1042A241","3139","Sapatilhas de padel para mujer Asics Gel-Challenger 15","Smash Expert","84.45","4571633432743","","1042A296 - 700","",""
"0.67","sapatilhas","ASICS","1987","Asics gel dedicate 8 padel sapatilhas Padel Mujer","Forum Sport ES","48.5","","4550457678087","1042A241","3140","Sapatilhas de padel para mujer Asics Gel-Challenger 15","Smash Expert","84.45","4571633445699","","1042A296 - 101","",""
"0.67","sapatilhas","ASICS","1987","Asics gel dedicate 8 padel sapatilhas Padel Mujer","Forum Sport ES","48.5","","4550457678087","1042A241","3142","Sapatilhas de padel para mujer Asics Gel-resolution X","Smash Expert","140","4571633409295","","1042A285 - 501","",""
"0.67","sapatilhas","ASICS","1987","Asics gel dedicate 8 padel sapatilhas Padel Mujer","Forum Sport ES","48.5","","4550457678087","1042A241","3173","Sapatilhas de padel para mujer Asics Gel-Challenger 15","Smash Expert","102","4571633871320","","1042A296 - 701","",""
"0.67","sapatilhas","ASICS","1987","Asics gel dedicate 8 padel sapatilhas Padel Mujer","Forum Sport ES","48.5","","4550457678087","1042A241","3174","Sapatilhas de padel para mujer Asics Gel-Challenger 15","Smash Expert","108","4571633889882","","1042A296 - 102","",""
"0.67","sapatilhas","ASICS","1992","Asics game ff padel sapatilhas Padel Hombre","Forum Sport ES","60.47","","4570158185400","1041A493","2960","Sapatilhas de padel para mujer Asics Game FF","Smash Expert","76","4570158168311","","1042A286 - 100","",""
"0.67","sapatilhas","ASICS","2000","Asics gel challenger 15 padel sapatilhas Padel Hombre","Forum Sport ES","95.99","","4570158852555","1041A511","2912","Sapatilhas de padel para mujer Asics Gel-Challenger 14","Smash Expert","69.46","4550456668867","","1042A232 - 100","",""
"0.67","sapatilhas","ASICS","2000","Asics gel challenger 15 padel sapatilhas Padel Hombre","Forum Sport ES","95.99","","4570158852555","1041A511","2957","Sapatilhas de padel para mujer Asics Gel-Challenger 14","Smash Expert","112","4570158188111","","1042A232 - 500","",""
"0.67","sapatilhas","ASICS","2000","Asics gel challenger 15 padel sapatilhas Padel Hombre","Forum Sport ES","95.99","","4570158852555","1041A511","3030","Sapatilhas de padel para mujer Asics Gel-Challenger 15","Smash Expert","120","4570158838979","","1042A296 - 100","",""
"0.67","sapatilhas","ASICS","2000","Asics gel challenger 15 padel sapatilhas Padel Hombre","Forum Sport ES","95.99","","4570158852555","1041A511","3031","Sapatilhas de padel para mujer Asics Gel-Challenger 15","Smash Expert","102","4570158842693","","1042A296 - 400","",""
"0.67","sapatilhas","ASICS","2000","Asics gel challenger 15 padel sapatilhas Padel Hombre","Forum Sport ES","95.99","","4570158852555","1041A511","3139","Sapatilhas de padel para mujer Asics Gel-Challenger 15","Smash Expert","84.45","4571633432743","","1042A296 - 700","",""
"0.67","sapatilhas","ASICS","2000","Asics gel challenger 15 padel sapatilhas Padel Hombre","Forum Sport ES","95.99","","4570158852555","1041A511","3140","Sapatilhas de padel para mujer Asics Gel-Challenger 15","Smash Expert","84.45","4571633445699","","1042A296 - 101","",""
"0.67","sapatilhas","ASICS","2000","Asics gel challenger 15 padel sapatilhas Padel Hombre","Forum Sport ES","95.99","","4570158852555","1041A511","3173","Sapatilhas de padel para mujer Asics Gel-Challenger 15","Smash Expert","102","4571633871320","","1042A296 - 701","",""
"0.67","sapatilhas","ASICS","2000","Asics gel challenger 15 padel sapatilhas Padel Hombre","Forum Sport ES","95.99","","4570158852555","1041A511","3174","Sapatilhas de padel para mujer Asics Gel-Challenger 15","Smash Expert","108","4571633889882","","1042A296 - 102","",""
"0.67","sapatilhas","ASICS","2022","Asics sonicsmash ff ve sapatilhas Padel Hombre","Forum Sport ES","97.01","","4571633441004","1041A538","3171","Sapatilhas de padel Asics Sonicsmash FF","Smash Expert","126","4571633878268","","1041A538 - 101","",""
"0.67","sapatilhas","ASICS","2023","Asics gel-dedicate 8 padel sapatilhas Padel Hombre","Forum Sport ES","51.74","","4571633427411","1041A414","3032","Sapatilhas de padel para mujer Asics Gel-Dedicate 8","Smash Expert","75","4570158703512","","1042A241 - 104","",""
"0.67","sapatilhas","ASICS","2023","Asics gel-dedicate 8 padel sapatilhas Padel Hombre","Forum Sport ES","51.74","","4571633427411","1041A414","3141","Sapatilhas de padel para mujer Asics Gel-dedicate 8","Smash Expert","53.28","4571633409851","","1042A241 - 700","",""
"0.67","sapatilhas","ASICS","2023","Asics gel-dedicate 8 padel sapatilhas Padel Hombre","Forum Sport ES","51.74","","4571633427411","1041A414","3172","Sapatilhas de padel para mujer Asics Gel -Dedicate 9","Smash Expert","67.5","4571633873959","","1042A318 - 700","",""
"0.67","sapatilhas","ASICS","2023","Asics gel-dedicate 8 padel sapatilhas Padel Hombre","Forum Sport ES","51.74","","4571633427411","1041A414","3399","Sapatilhas de padel para mujer Asics Gel-Dedicate 8","Smash Expert","53.9","4571633442209","","1042A241 - 105","",""
"0.67","sapatilhas","ASICS","2024","Asics sonicsmash ff blve sapatilhas Padel Mujer","Forum Sport ES","85.25","","4571633411861","1042A311","3171","Sapatilhas de padel Asics Sonicsmash FF","Smash Expert","126","4571633878268","","1041A538 - 101","",""
"0.67","sapatilhas","ASICS","2040","Asics sonicsmash ff blna sapatilhas Padel Hombre","Forum Sport ES","132.99","","4571633874529","1041A538-100","3171","Sapatilhas de padel Asics Sonicsmash FF","Smash Expert","126","4571633878268","","1041A538 - 101","",""
"0.67","sapatilhas","ASICS","2041","Asics gel challenger 15 padel blna sapatilhas Padel Hombre","Forum Sport ES","119.99","","4571633881053","1041A511-102","2946","Sapatilhas de padel Asics Gel-challenger 14","Smash Expert","85.66","4550457145275","","1041A404 - 402","",""
"0.67","sapatilhas","ASICS","2041","Asics gel challenger 15 padel blna sapatilhas Padel Hombre","Forum Sport ES","119.99","","4571633881053","1041A511-102","3136","Sapatilhas de padel Asics Gel-Challenger 15","Smash Expert","111","4571633426551","","1041A511 - 101","",""
"0.67","sapatilhas","ASICS","2041","Asics gel challenger 15 padel blna sapatilhas Padel Hombre","Forum Sport ES","119.99","","4571633881053","1041A511-102","3137","Sapatilhas de padel Asics Gel-Challenger 15 L.E","Smash Expert","91","4571633404801","","1041A550 - 750","",""
"0.67","sapatilhas","ASICS","2041","Asics gel challenger 15 padel blna sapatilhas Padel Hombre","Forum Sport ES","119.99","","4571633881053","1041A511-102","3403","Sapatilhas de padel Asics Gel-Challenger 15","Smash Expert","85.07","4571633434136","","1041A511 - 400","",""
"0.67","sapatilhas","ASICS","2043","Asics gel challenger 15 padel nane sapatilhas Padel Hombre","Forum Sport ES","119.99","","4571633893353","1041A511-801","2946","Sapatilhas de padel Asics Gel-challenger 14","Smash Expert","85.66","4550457145275","","1041A404 - 402","",""
"0.67","sapatilhas","ASICS","2043","Asics gel challenger 15 padel nane sapatilhas Padel Hombre","Forum Sport ES","119.99","","4571633893353","1041A511-801","3136","Sapatilhas de padel Asics Gel-Challenger 15","Smash Expert","111","4571633426551","","1041A511 - 101","",""
"0.67","sapatilhas","ASICS","2043","Asics gel challenger 15 padel nane sapatilhas Padel Hombre","Forum Sport ES","119.99","","4571633893353","1041A511-801","3137","Sapatilhas de padel Asics Gel-Challenger 15 L.E","Smash Expert","91","4571633404801","","1041A550 - 750","",""
"0.67","sapatilhas","ASICS","2043","Asics gel challenger 15 padel nane sapatilhas Padel Hombre","Forum Sport ES","119.99","","4571633893353","1041A511-801","3403","Sapatilhas de padel Asics Gel-Challenger 15","Smash Expert","85.07","4571633434136","","1041A511 - 400","",""
"0.67","sapatilhas","Head","216","Sapatilhas de padel Head Motion Pro BOA","Atmosfera Sport","121","0726423903406","0726423903406","273624-WHBK","2651","Sapatilhas de padel para mujer Head Motion Pro","Sport is Good | Smash Expert","96","726423360131","","274645","",""
"0.67","sapatilhas","Head","216","Sapatilhas de padel Head Motion Pro BOA","Atmosfera Sport","121","0726423903406","0726423903406","273624-WHBK","2684","Sapatilhas de padel Head Motion Pro 1.5","Sport is Good | Smash Expert","128","198772060305","","273646","",""
"0.67","sapatilhas","Head","216","Sapatilhas de padel Head Motion Pro BOA","Atmosfera Sport","121","0726423903406","0726423903406","273624-WHBK","2882","Sapatilhas de padel para mujer Head Motion Pro","Smash Expert","128","724794643891","","274603","",""
"0.67","sapatilhas","Head","216","Sapatilhas de padel Head Motion Pro BOA","Atmosfera Sport","121","0726423903406","0726423903406","273624-WHBK","2883","Sapatilhas de padel para mujer Head Motion Pro","Smash Expert","128","724794644065","","274613","",""
"0.67","sapatilhas","Head","216","Sapatilhas de padel Head Motion Pro BOA","Atmosfera Sport","121","0726423903406","0726423903406","273624-WHBK","2905","Sapatilhas de padel para mujer Head Motion Pro","Smash Expert","128","724794855768","","274604","",""
"0.63","sapatilhas","ASICS","174","Sapatilhas de padel ASICS Solution Swift Ff 2 Padel Mulher Laranja/Azul","Atmosfera Sport","66","4570158709965","4570158709965","1042A264-800","3024","Sapatilhas de padel Asics Solution Swift FF 2","Smash Expert","104","4570158701464","","1041A465 - 401","",""
"0.63","sapatilhas","ASICS","174","Sapatilhas de padel ASICS Solution Swift Ff 2 Padel Mulher Laranja/Azul","Atmosfera Sport","66","4570158709965","4570158709965","1042A264-800","3029","Sapatilhas de padel Asics Solution Swift FF 2","Smash Expert","88","4570158704298","","1041A465 - 100","",""
"0.63","sapatilhas","ASICS","174","Sapatilhas de padel ASICS Solution Swift Ff 2 Padel Mulher Laranja/Azul","Atmosfera Sport","66","4570158709965","4570158709965","1042A264-800","3398","Sapatilhas de padel Asics Solution Swift FF 2","Smash Expert","118","4571633437588","","1041A465 - 402","",""
"0.63","raquetes","Bullpadel","2495","Raquete de padel - Bullpadel Vertex 05 Comfort 26","Decathlon ES","199.99","8447552008344","","9002587","2874","Raquete de padel Bullpadel Vertex 04 24","Smash Expert","199","8445402483761","","BV22000000","",""
"0.63","raquetes","Nox","69","Raquete de padel Nox AT10 Genius Attack em Alumínio 18K por Agustin Tapia","Atmosfera Sport | Zona de Padel | Sport is Good | Smash Expert","251.99","8435778902638","8435778902638","PAT10GENIUSAT1826","1780","Raquete de Padel Nox AT10 Genius 18K Agustín Tapia 2024","Padel Proshop PT","169.95","8436603195836","8436603195836","54492071821617","",""
"0.63","raquetes","Dunlop","2046","Dunlop galactica team raquete de padel","Forum Sport ES","139.22","","45566304483","10359943","2786","Raquete de padel Dunlop Galactica","Smash Expert","137","45566303882","","10325866","",""
"0.63","sacos","Wilson","1778","Mochila Wilson Tour Black","Padel Proshop PT","60","097512887434","097512887434","54463869845809","2860","Mochila Wilson Tour","Smash Expert","56.82","97512683906","","WR8904501","",""
"0.63","sapatilhas","Bullpadel","2168","Sapatilhas Bullpadel Ionic 26V black 2026","Zona de Padel","79.96","8445402954223","8445402954223","14511","2676","Sapatilhas de padel Bullpadel Ionic 26V","Smash Expert | Sport is Good","85","8445402954018","","DC94001000","",""
"0.63","sapatilhas","Adidas","1772","Sapatilhas de padel Adidas Crazyquick Boost Padel M Branco/Cinzento","Padel Proshop PT","154.95","4069991562832","4069991562832","54387161202993","3359","Sapatilhas de padel adidas Crazyquick Boost Padel","Smash Expert","147","4068811888848","","JR2124","",""
"0.63","sapatilhas","ASICS","1947","Asics gel-padel pro 5 sapatilhas Padel Mujer","Forum Sport ES","50.04","","4550455628848","1042A200","2742","Sapatilhas de padel para mujer Asics Gel-Resolution 9","Smash Expert","106.72","4550456668560","","1042A245 - 400","",""
"0.63","sapatilhas","ASICS","1947","Asics gel-padel pro 5 sapatilhas Padel Mujer","Forum Sport ES","50.04","","4550455628848","1042A200","2912","Sapatilhas de padel para mujer Asics Gel-Challenger 14","Smash Expert","69.46","4550456668867","","1042A232 - 100","",""
"0.63","sapatilhas","ASICS","1947","Asics gel-padel pro 5 sapatilhas Padel Mujer","Forum Sport ES","50.04","","4550455628848","1042A200","2957","Sapatilhas de padel para mujer Asics Gel-Challenger 14","Smash Expert","112","4570158188111","","1042A232 - 500","",""
"0.63","sapatilhas","ASICS","1947","Asics gel-padel pro 5 sapatilhas Padel Mujer","Forum Sport ES","50.04","","4550455628848","1042A200","3030","Sapatilhas de padel para mujer Asics Gel-Challenger 15","Smash Expert","120","4570158838979","","1042A296 - 100","",""
"0.63","sapatilhas","ASICS","1947","Asics gel-padel pro 5 sapatilhas Padel Mujer","Forum Sport ES","50.04","","4550455628848","1042A200","3031","Sapatilhas de padel para mujer Asics Gel-Challenger 15","Smash Expert","102","4570158842693","","1042A296 - 400","",""
"0.63","sapatilhas","ASICS","1947","Asics gel-padel pro 5 sapatilhas Padel Mujer","Forum Sport ES","50.04","","4550455628848","1042A200","3032","Sapatilhas de padel para mujer Asics Gel-Dedicate 8","Smash Expert","75","4570158703512","","1042A241 - 104","",""
"0.63","sapatilhas","ASICS","1947","Asics gel-padel pro 5 sapatilhas Padel Mujer","Forum Sport ES","50.04","","4550455628848","1042A200","3139","Sapatilhas de padel para mujer Asics Gel-Challenger 15","Smash Expert","84.45","4571633432743","","1042A296 - 700","",""
"0.63","sapatilhas","ASICS","1947","Asics gel-padel pro 5 sapatilhas Padel Mujer","Forum Sport ES","50.04","","4550455628848","1042A200","3140","Sapatilhas de padel para mujer Asics Gel-Challenger 15","Smash Expert","84.45","4571633445699","","1042A296 - 101","",""
"0.63","sapatilhas","ASICS","1947","Asics gel-padel pro 5 sapatilhas Padel Mujer","Forum Sport ES","50.04","","4550455628848","1042A200","3141","Sapatilhas de padel para mujer Asics Gel-dedicate 8","Smash Expert","53.28","4571633409851","","1042A241 - 700","",""
"0.63","sapatilhas","ASICS","1947","Asics gel-padel pro 5 sapatilhas Padel Mujer","Forum Sport ES","50.04","","4550455628848","1042A200","3142","Sapatilhas de padel para mujer Asics Gel-resolution X","Smash Expert","140","4571633409295","","1042A285 - 501","",""
"0.63","sapatilhas","ASICS","1947","Asics gel-padel pro 5 sapatilhas Padel Mujer","Forum Sport ES","50.04","","4550455628848","1042A200","3172","Sapatilhas de padel para mujer Asics Gel -Dedicate 9","Smash Expert","67.5","4571633873959","","1042A318 - 700","",""
"0.63","sapatilhas","ASICS","1947","Asics gel-padel pro 5 sapatilhas Padel Mujer","Forum Sport ES","50.04","","4550455628848","1042A200","3173","Sapatilhas de padel para mujer Asics Gel-Challenger 15","Smash Expert","102","4571633871320","","1042A296 - 701","",""
"0.63","sapatilhas","ASICS","1947","Asics gel-padel pro 5 sapatilhas Padel Mujer","Forum Sport ES","50.04","","4550455628848","1042A200","3174","Sapatilhas de padel para mujer Asics Gel-Challenger 15","Smash Expert","108","4571633889882","","1042A296 - 102","",""
"0.63","sapatilhas","ASICS","1947","Asics gel-padel pro 5 sapatilhas Padel Mujer","Forum Sport ES","50.04","","4550455628848","1042A200","3399","Sapatilhas de padel para mujer Asics Gel-Dedicate 8","Smash Expert","53.9","4571633442209","","1042A241 - 105","",""
"0.63","sapatilhas","Head","2608","Sapatilhas de padel hombre - HEAD Motion Team Azul","Decathlon ES","69.99","0726423355311","","8941947","2971","Sapatilhas de padel Head Motion Team","Smash Expert","88","726423355403","","273685","",""
"0.63","raquetes","Drop Shot","34","Raquete de padel Drop Shot Canyon Pro Attack","Atmosfera Sport","169.9","8435758302373","8435758302373","DP304023","3075","Raqueta de padel Dropshot Canyon Pro Attack 1.0","Smash Expert","216","8435758306661","","8435758306661","",""
"0.63","sapatilhas","Bullpadel","206","Sapatilhas de padel Bullpadel Vertex Vibram 25I Azul Homem","Atmosfera Sport","131.99","8445402875764","8445402875764","VERTEXVIBRAM25I-067","2626","Sapatilhas BULLPADEL VERTEX VIBRAM 25 AZUL MARINO HOMBRE","Decathlon ES","99.99","8445402875726","","9005850","",""
"0.63","sapatilhas","Bullpadel","2094","Bullpadel vertex vibram 26v sapatilhas Padel Mujer","Forum Sport ES","94.85","","8445402957118","493650","2192","Sapatilhas Bullpadel Vertex Vibram 26V navy 2026","Zona de Padel","101.96","8445402952700","8445402952700","14400","",""
"0.63","sapatilhas","Bullpadel","2095","Bullpadel premier major 26v sapatilhas Padel Hombre","Forum Sport ES","108.53","","8445402961191","494114","2259","Sapatilhas Bullpadel Premier Padel Major 26V kaki 2026","Zona de Padel","109.96","8445402960767","8445402960767","13920","",""
"0.63","sapatilhas","Bullpadel","2095","Bullpadel premier major 26v sapatilhas Padel Hombre","Forum Sport ES","108.53","","8445402961191","494114","2260","Sapatilhas Bullpadel Premier Padel Major 26V anthracite 2026","Zona de Padel","109.96","8445402961160","8445402961160","13918","",""
"0.63","sapatilhas","Bullpadel","2096","Bullpadel premier major 26v sapatilhas Padel Hombre","Forum Sport ES","108.53","","8445402960750","494134","2259","Sapatilhas Bullpadel Premier Padel Major 26V kaki 2026","Zona de Padel","109.96","8445402960767","8445402960767","13920","",""
"0.63","sapatilhas","Bullpadel","2096","Bullpadel premier major 26v sapatilhas Padel Hombre","Forum Sport ES","108.53","","8445402960750","494134","2260","Sapatilhas Bullpadel Premier Padel Major 26V anthracite 2026","Zona de Padel","109.96","8445402961160","8445402961160","13918","",""
"0.63","sapatilhas","Bullpadel","2097","Bullpadel pearl vibram 26v sapatilhas Padel Mujer","Forum Sport ES","100.97","","8445402956531","493630","2178","Sapatilhas Bullpadel Pearl Vibram 26V lilac 2026","Zona de Padel","114.95","8445402956692","8445402956692","14432","",""
"0.63","sapatilhas","Bullpadel","2098","Bullpadel premier major 26v sapatilhas Padel Hombre","Forum Sport ES","108.53","","8445402961009","494124","2259","Sapatilhas Bullpadel Premier Padel Major 26V kaki 2026","Zona de Padel","109.96","8445402960767","8445402960767","13920","",""
"0.63","sapatilhas","Bullpadel","2098","Bullpadel premier major 26v sapatilhas Padel Hombre","Forum Sport ES","108.53","","8445402961009","494124","2260","Sapatilhas Bullpadel Premier Padel Major 26V anthracite 2026","Zona de Padel","109.96","8445402961160","8445402961160","13918","",""
"0.63","sapatilhas","Bullpadel","2103","Bullpadel vertex vibram 26v sapatilhas Padel Mujer","Forum Sport ES","94.85","","8445402956883","493660","2192","Sapatilhas Bullpadel Vertex Vibram 26V navy 2026","Zona de Padel","101.96","8445402952700","8445402952700","14400","",""
"0.63","sapatilhas","Bullpadel","2108","Bullpadel vertex vibram 26v sapatilhas Padel Hombre","Forum Sport ES","108.53","","8445402953196","493468","2192","Sapatilhas Bullpadel Vertex Vibram 26V navy 2026","Zona de Padel","101.96","8445402952700","8445402952700","14400","",""
"0.63","sapatilhas","Bullpadel","2178","Sapatilhas Bullpadel Pearl Vibram 26V lilac 2026","Zona de Padel","114.95","8445402956692","8445402956692","14432","2678","Sapatilhas de padel para mujer Bullpadel Pearl Vibram 26V","Smash Expert | Sport is Good","110","8445402956517","","DC99011000","",""
"0.63","sapatilhas","Head","2609","Sapatilhas de padel hombre - Head Sprint Pro 4.0 blanco y negro","Decathlon ES","89.99","0726423355144","","8985880","2685","Sapatilhas de padel Head Sprint Pro 4.0","Sport is Good | Smash Expert","128","198772060411","","273656","",""
"0.63","sapatilhas","Head","2609","Sapatilhas de padel hombre - Head Sprint Pro 4.0 blanco y negro","Decathlon ES","89.99","0726423355144","","8985880","2972","Sapatilhas de padel Head Sprint Pro 4.0","Smash Expert","128","726423355168","","273665","",""
"0.63","sapatilhas","Head","2609","Sapatilhas de padel hombre - Head Sprint Pro 4.0 blanco y negro","Decathlon ES","89.99","0726423355144","","8985880","2973","Sapatilhas de padel Head Sprint Pro 4.0","Smash Expert","128","726423354963","","273655","",""
"0.63","sapatilhas","Mizuno","307","Sapatilhas padel Homem Mizuno Wave Enforce Tour 2 CC brancos","Atmosfera Sport","100.5","5059882833256","5059882833256","61GC2603-20","1887","Sapatilhas de padel Mizuno Wave Enforce Court CC","Padel Proshop PT","79","5059882870732","5059882870732","52161734476081","",""
"0.63","sapatilhas","Mizuno","314","Sapatilhas padel Mizuno Wave Exceed Light 2 Mulher brancos","Atmosfera Sport","93.75","5059431698107","5059431698107","61GB2323-66","2735","Sapatilhas de interior para mujeres Mizuno Wave Exceed Light Padel","Smash Expert","117","5059431363401","","61GB222363","",""
"0.63","sapatilhas","Mizuno","1969","Mizuno wave exceed tour 5 cc sapatilhas Padel Hombre","Forum Sport ES","104.99","","5059431429435","61GC2274","2686","Sapatilhas de tenis Mizuno Wave Exceed Tour 7 Padel","Sport is Good | Smash Expert","96.17","5059882833133","","61GB267735","",""
"0.63","sapatilhas","Mizuno","2025","Mizuno wave exceed tour 6 padel sapatilhas Padel Hombre","Forum Sport ES","90.44","","5059882574067","61GB2480","3066","Sapatilhas de padel para mujer Mizuno Wave Exceed Tour AC","Smash Expert","100.73","5059882572186","","61GA247174","",""
"0.63","sapatilhas","Mizuno","2059","Mizuno wave exceed tour 7 padel sapatilhas Padel Hombre","Forum Sport ES","94.49","","5059882833102","61GB2677","3066","Sapatilhas de padel para mujer Mizuno Wave Exceed Tour AC","Smash Expert","100.73","5059882572186","","61GA247174","",""
"0.63","sapatilhas","Mizuno","2060","Mizuno wave exceed tour 7 cc sapatilhas Padel Mujer","Forum Sport ES","91.79","","5059882833782","61GC2676","2686","Sapatilhas de tenis Mizuno Wave Exceed Tour 7 Padel","Sport is Good | Smash Expert","96.17","5059882833133","","61GB267735","",""
"0.63","sapatilhas","Mizuno","2060","Mizuno wave exceed tour 7 cc sapatilhas Padel Mujer","Forum Sport ES","91.79","","5059882833782","61GC2676","3067","Sapatilhas de padel para mujer Mizuno Wave Exceed Wos","Smash Expert","84.18","5059882576689","","61GC252166","",""
"0.63","sapatilhas","Mizuno","2061","Mizuno wave exceed tour 7 cc sapatilhas Padel Hombre","Forum Sport ES","91.79","","5059882833744","61GC2675","2686","Sapatilhas de tenis Mizuno Wave Exceed Tour 7 Padel","Sport is Good | Smash Expert","96.17","5059882833133","","61GB267735","",""
"0.60","acessorios","LOK","129","Gaveta de Bolas padel Lok Fresh","Atmosfera Sport","130.5","1946753214860","1946753214860","BL1XA0-BOX","1710","Pote de Bolas de padel Lok Fresh","Padel Proshop PT | Smash Expert","4.95","8436548249540","8436548249540","50163541737777","",""
"0.60","raquetes","Babolat","1814","Raquete de Padel Babolat Counter Veron 2026","Zona de Padel | Smash Expert | Padel Proshop PT","169.96","3324922283172","3324922283172","52409931628849","2597","Raquete de padel Babolat Counter Veron 2.6","Decathlon ES","214.99","3324922415771","","9000221","",""
"0.60","raquetes","Babolat","1815","Raquete de Padel Babolat Air Vertuo 2026","Padel Proshop PT | Smash Expert | Zona de Padel","161.95","3324922283202","3324922283202","52409985532209","2551","Raquete de padel - Babolat Air Vertuo 2.5 25","Decathlon ES","139.99","3324922289600","","8941570","",""
"0.60","raquetes","Babolat","1816","Raquete de Padel Babolat Air Veron 2026","Smash Expert | Padel Proshop PT | Zona de Padel","184.48","3324922283165","3324922283165","52409987465521","2577","Raquete de padel Babolat Air Veron 2.6","Decathlon ES","214.99","3324922409237","","9000213","",""
"0.60","raquetes","Babolat","1838","Raquete de Padel Babolat Technical Viper 2025","Smash Expert | Padel Proshop PT","171.79","3324922164471","3324922164471","50606798209329","2527","Raquete de padel - Babolat Technical Viper 2.5","Decathlon ES","159.99","3324922289464","","9000220","",""
"0.60","raquetes","Bullpadel","8","Padel raquete Mulher Bullpadel Vertex 04 W Premier","Atmosfera Sport","202.49","8445402789207","8445402789207","VERTEX04WPREMIER","1630","Raquete de Padel Bullpadel Vertex 05 Geo 2026 Premier Padel","Forum Sport ES | Zona de Padel | Padel Proshop PT","239.39","8447552015434","8447552015434","52939256070449","",""
"0.60","raquetes","Bullpadel","1739","Raquete de Padel Bullpadel Vertex 05 Hybrid 2026","Padel Proshop PT | Zona de Padel","237","8445402974030","8445402974030","51790987198769","2875","Raqueta de padel Bullpadel Vertex 04 Hybrid 24","Smash Expert","168","8445402483778","","BV23000000","",""
"0.60","raquetes","Bullpadel","1750","Raquete de Padel Bullpadel Indíga PWR 2026","Forum Sport ES | Padel Proshop PT | Deporvillage | Zona de Padel | Smash Expert","67.15","8445402993819","8445402993819","51874035663153","2480","Raqueta de padel – Bullpadel Indiga PWR 26","Decathlon ES","89.99","8447552008481","","9003131","",""
"0.60","raquetes","Bullpadel","1970","Bullpadel elite light w 23 raquete de padel","Forum Sport ES","120.24","","8445402248568","467396","2790","Raqueta femenina padel Bullpadel Elite Light W","Smash Expert","87","8445402248568","","BL31000000","",""
"0.60","raquetes","Siux","1916","Raquete de Padel Siux Trilogy Elite 5 2025","Padel Proshop PT","105","8435762902835","8435762902835","51194592035121","2369","Siux Diablo 4 Elite 2025","Zona de Padel","188.96","8435762902859","8435762902859","11731","",""
"0.60","raquetes","Adidas","698","Raquete adidas Metalbone Carbon 3.4","Adidas Padel | Padel Market","143","8435739402771","","AR1AA2U42","2245","Adidas Metalbone Carbon 2026","Smash Expert | Decathlon ES | Zona de Padel | Deporvillage","207","8435739405833","8435739405833","14021","",""
"0.60","raquetes","Adidas","739","Raquete adidas Adipower Carbon CTRL","Adidas Padel","162","8435739402832","","","1600","Raquete de Padel Adidas Metalbone Carbon CTRL","Smash Expert | Padel Proshop PT","137","8436548248949","8436548248949","47875266969905","",""
"0.60","raquetes","Adidas","781","Raquete de padel adidas Match Black Lime 2026","Zona de Padel | Padel Proshop PT | Smash Expert | Padel Market | Adidas Padel | Deporvillage","59.95","8435739406069","8435739406069","AR5GA4U28","2002","Adidas Padel match black 34 raquete de padel","Forum Sport ES","51.97","","8435739402986","AR5GA0U10","",""
"0.60","raquetes","Adidas","788","Raquete adidas Match 3.3 Black/Lime","Adidas Padel","41.25","8436548249069","","","2002","Adidas Padel match black 34 raquete de padel","Forum Sport ES","51.97","","8435739402986","AR5GA0U10","",""
"0.60","raquetes","StarVie","1935","Starvie titania kepler pro raquete de padel","Forum Sport ES","123.59","","8457000000066","TITANIAPRO21","3084","Raqueta de padel Starvie Titania Pro","Smash Expert","115","8436612940649","","8436612940649","",""
"0.60","sapatilhas","Adidas","298","Sapatilhas padel adidas Crazyquick Infantil","Atmosfera Sport","50.82","4069987627248","4069987627248","KI3593","2049","Adidas T crazyquick sapatilhas Padel Mujer","Forum Sport ES | Smash Expert","68.88","4067907627347","4067907627415","JR9326","",""
"0.60","sapatilhas","Adidas","298","Sapatilhas padel adidas Crazyquick Infantil","Atmosfera Sport","50.82","4069987627248","4069987627248","KI3593","2050","Adidas T crazyquick sapatilhas Padel Hombre","Forum Sport ES | Smash Expert","70.56","4067892023582","4067892023483","IE3924","",""
"0.60","sapatilhas","Adidas","298","Sapatilhas padel adidas Crazyquick Infantil","Atmosfera Sport","50.82","4069987627248","4069987627248","KI3593","2099","Adidas T crazyquick sapatilhas Padel Hombre","Forum Sport ES | Smash Expert","105.6","4068812908958","4068812908811","JR2127","",""
"0.60","sapatilhas","Adidas","298","Sapatilhas padel adidas Crazyquick Infantil","Atmosfera Sport","50.82","4069987627248","4069987627248","KI3593","3359","Sapatilhas de padel adidas Crazyquick Boost Padel","Smash Expert","147","4068811888848","","JR2124","",""
"0.60","sapatilhas","Babolat","179","Sapatilhas de padel Babolat Jet Clay","Atmosfera Sport","52.5","3324921777894","3324921777894","33S20730-1035","3357","Sapatilhas de padel Babolat Jet Premura 2","Smash Expert","108.08","3324922198957","","3A0S25B752-6013","",""
"0.60","sapatilhas","Babolat","182","Sapatilhas de padel Babolat Sensa Mulher","Atmosfera Sport","87.5","3324922059388","3324922059388","31S23757-2041","2027","Babolat sensa rise sapatilhas Padel Mujer","Forum Sport ES","56.69","","3324922285756","3A1F25C950","",""
"0.60","sapatilhas","Head","825","Head Revolt Pro 5.0 Clay Men 2026 Padel Shoes","Padel Market","136","0198772057541","","273256_100","2169","Sapatilhas Head Revolt Pro 5.0 Clay Men white navy 2026","Zona de Padel","104.91","198772057824","198772057824","14498","",""
"0.60","sapatilhas","Head","830","Head Revolt Pro 5.0 Clay Men 2026 Padel Shoes","Padel Market","136","0198772057558","","273256_105","2169","Sapatilhas Head Revolt Pro 5.0 Clay Men white navy 2026","Zona de Padel","104.91","198772057824","198772057824","14498","",""
"0.60","sapatilhas","Head","1078","Head Revolt Pro 5.0 Clay Men 2026 Padel Shoes","Padel Market","136","0198772057503","","273256_80","2169","Sapatilhas Head Revolt Pro 5.0 Clay Men white navy 2026","Zona de Padel","104.91","198772057824","198772057824","14498","",""
"0.60","sapatilhas","Head","1220","Head Revolt Pro 5.0 Clay Men 2026 Padel Shoes","Padel Market","136","0198772057534","","273256_95","2169","Sapatilhas Head Revolt Pro 5.0 Clay Men white navy 2026","Zona de Padel","104.91","198772057824","198772057824","14498","",""
"0.60","sapatilhas","Head","1226","Head Revolt Pro 5.0 Clay Men 2026 Padel Shoes","Padel Market","136","0198772057510","","273256_85","2169","Sapatilhas Head Revolt Pro 5.0 Clay Men white navy 2026","Zona de Padel","104.91","198772057824","198772057824","14498","",""
"0.60","sapatilhas","Head","1230","Head Revolt Pro 5.0 Clay Men 2026 Padel Shoes","Padel Market","136","0198772057527","","273256_90","2169","Sapatilhas Head Revolt Pro 5.0 Clay Men white navy 2026","Zona de Padel","104.91","198772057824","198772057824","14498","",""
"0.59","sapatilhas","ASICS","158","Sapatilhas de padel ASICS Game Ff Padel Mulher Azul/Laranja","Atmosfera Sport","59.95","4570158700818","4570158700818","1042A286-400","2959","Sapatilhas de padel Asics Game FF","Smash Expert","76","4570158173636","","1041A493 - 400","",""
"0.59","sapatilhas","ASICS","158","Sapatilhas de padel ASICS Game Ff Padel Mulher Azul/Laranja","Atmosfera Sport","59.95","4570158700818","4570158700818","1042A286-400","3027","Sapatilhas de padel Asics Game FF","Smash Expert","83","4570158702416","","1041A493 - 001","",""
"0.59","sapatilhas","ASICS","158","Sapatilhas de padel ASICS Game Ff Padel Mulher Azul/Laranja","Atmosfera Sport","59.95","4570158700818","4570158700818","1042A286-400","3135","Sapatilhas de padel Asics Game FF","Smash Expert","52.11","4571633430411","","1041A493 - 101","",""
"0.59","sapatilhas","ASICS","158","Sapatilhas de padel ASICS Game Ff Padel Mulher Azul/Laranja","Atmosfera Sport","59.95","4570158700818","4570158700818","1042A286-400","3168","Sapatilhas de padel Asics Game FF","Smash Expert","81","4571633872167","","1041A493 - 102","",""
"0.59","sapatilhas","Mizuno","259","Sapatilhas de padel Mizuno Break Shot 5 Cc Branco/Azul/Citrus","Atmosfera Sport","49.95","5059882577174","5059882577174","61GC2525-60","1908","Sapatilhas de padel Mizuno Break Shot 5 CC Branco/Preto","Padel Proshop PT","49","5059882516654","5059882516654","50795916788017","",""
"0.59","sapatilhas","Nox","274","Sapatilhas de padel Nox AT10 Pro Branco/Cinza","Atmosfera Sport","120","8435778905646","8435778905646","CAL26PROWHGR","2672","Sapatilhas de padel Nox AT10 Pro","Sport is Good | Smash Expert","96","8436603198868","","CALAT10WHITE36","",""
"0.59","sapatilhas","Nox","274","Sapatilhas de padel Nox AT10 Pro Branco/Cinza","Atmosfera Sport","120","8435778905646","8435778905646","CAL26PROWHGR","3107","Sapatilhas de padel Nox AT10 Pro","Smash Expert","96","8436603199162","","CALAT10GATI36","",""
"0.59","sapatilhas","Nox","274","Sapatilhas de padel Nox AT10 Pro Branco/Cinza","Atmosfera Sport","120","8435778905646","8435778905646","CAL26PROWHGR","3108","Sapatilhas de padel Nox AT10 Pro","Smash Expert","103","8436603199193","","CALAT10GATI39","",""
"0.59","sapatilhas","Nox","274","Sapatilhas de padel Nox AT10 Pro Branco/Cinza","Atmosfera Sport","120","8435778905646","8435778905646","CAL26PROWHGR","3109","Sapatilhas de padel Nox AT10 Pro","Smash Expert","103","8436603199209","","CALAT10GATI40","",""
"0.59","sapatilhas","Nox","274","Sapatilhas de padel Nox AT10 Pro Branco/Cinza","Atmosfera Sport","120","8435778905646","8435778905646","CAL26PROWHGR","3110","Sapatilhas de padel Nox AT10 Pro","Smash Expert","96","8436603199216","","CALAT10GATI41","",""
"0.59","sapatilhas","Nox","274","Sapatilhas de padel Nox AT10 Pro Branco/Cinza","Atmosfera Sport","120","8435778905646","8435778905646","CAL26PROWHGR","3111","Sapatilhas de padel Nox AT10 Pro","Smash Expert","96","8436603199223","","CALAT10GATI42","",""
"0.59","sapatilhas","Nox","274","Sapatilhas de padel Nox AT10 Pro Branco/Cinza","Atmosfera Sport","120","8435778905646","8435778905646","CAL26PROWHGR","3112","Sapatilhas de padel Nox AT10 Pro","Smash Expert","103","8436603198974","","CALAT10WHITE47","",""
"0.59","sapatilhas","Nox","274","Sapatilhas de padel Nox AT10 Pro Branco/Cinza","Atmosfera Sport","120","8435778905646","8435778905646","CAL26PROWHGR","3113","Sapatilhas de padel Nox AT10 Pro","Smash Expert","96","8436603199070","","CALAT10BLRE39","",""
"0.59","sapatilhas","Nox","274","Sapatilhas de padel Nox AT10 Pro Branco/Cinza","Atmosfera Sport","120","8435778905646","8435778905646","CAL26PROWHGR","3114","Sapatilhas de padel Nox AT10 Pro","Smash Expert","96","8436603199087","","CALAT10BLRE40","",""
"0.59","sapatilhas","Nox","274","Sapatilhas de padel Nox AT10 Pro Branco/Cinza","Atmosfera Sport","120","8435778905646","8435778905646","CAL26PROWHGR","3115","Sapatilhas de padel Nox AT10 Pro","Smash Expert","103","8436603199094","","CALAT10BLRE41","",""
"0.59","sapatilhas","Nox","274","Sapatilhas de padel Nox AT10 Pro Branco/Cinza","Atmosfera Sport","120","8435778905646","8435778905646","CAL26PROWHGR","3116","Sapatilhas de padel Nox AT10 Pro","Smash Expert","104","8436603199100","","CALAT10BLRE42","",""
"0.59","sapatilhas","Nox","274","Sapatilhas de padel Nox AT10 Pro Branco/Cinza","Atmosfera Sport","120","8435778905646","8435778905646","CAL26PROWHGR","3117","Sapatilhas de padel Nox AT10 Pro","Smash Expert","104","8436603199117","","CALAT10BLRE43","",""
"0.59","sapatilhas","Nox","274","Sapatilhas de padel Nox AT10 Pro Branco/Cinza","Atmosfera Sport","120","8435778905646","8435778905646","CAL26PROWHGR","3118","Sapatilhas de padel Nox AT10 Pro","Smash Expert","96","8436603199155","","CALAT10BLRE47","",""
"0.59","sapatilhas","Nox","276","Sapatilhas de padel Nox AT10 Pro Preto/Branco","Atmosfera Sport","87.49","8435778905776","8435778905776","CAL26PROBLWH","2672","Sapatilhas de padel Nox AT10 Pro","Sport is Good | Smash Expert","96","8436603198868","","CALAT10WHITE36","",""
"0.59","sapatilhas","Nox","276","Sapatilhas de padel Nox AT10 Pro Preto/Branco","Atmosfera Sport","87.49","8435778905776","8435778905776","CAL26PROBLWH","3107","Sapatilhas de padel Nox AT10 Pro","Smash Expert","96","8436603199162","","CALAT10GATI36","",""
"0.59","sapatilhas","Nox","276","Sapatilhas de padel Nox AT10 Pro Preto/Branco","Atmosfera Sport","87.49","8435778905776","8435778905776","CAL26PROBLWH","3108","Sapatilhas de padel Nox AT10 Pro","Smash Expert","103","8436603199193","","CALAT10GATI39","",""
"0.59","sapatilhas","Nox","276","Sapatilhas de padel Nox AT10 Pro Preto/Branco","Atmosfera Sport","87.49","8435778905776","8435778905776","CAL26PROBLWH","3109","Sapatilhas de padel Nox AT10 Pro","Smash Expert","103","8436603199209","","CALAT10GATI40","",""
"0.59","sapatilhas","Nox","276","Sapatilhas de padel Nox AT10 Pro Preto/Branco","Atmosfera Sport","87.49","8435778905776","8435778905776","CAL26PROBLWH","3110","Sapatilhas de padel Nox AT10 Pro","Smash Expert","96","8436603199216","","CALAT10GATI41","",""
"0.59","sapatilhas","Nox","276","Sapatilhas de padel Nox AT10 Pro Preto/Branco","Atmosfera Sport","87.49","8435778905776","8435778905776","CAL26PROBLWH","3111","Sapatilhas de padel Nox AT10 Pro","Smash Expert","96","8436603199223","","CALAT10GATI42","",""
"0.59","sapatilhas","Nox","276","Sapatilhas de padel Nox AT10 Pro Preto/Branco","Atmosfera Sport","87.49","8435778905776","8435778905776","CAL26PROBLWH","3112","Sapatilhas de padel Nox AT10 Pro","Smash Expert","103","8436603198974","","CALAT10WHITE47","",""
"0.59","sapatilhas","Nox","276","Sapatilhas de padel Nox AT10 Pro Preto/Branco","Atmosfera Sport","87.49","8435778905776","8435778905776","CAL26PROBLWH","3113","Sapatilhas de padel Nox AT10 Pro","Smash Expert","96","8436603199070","","CALAT10BLRE39","",""
"0.59","sapatilhas","Nox","276","Sapatilhas de padel Nox AT10 Pro Preto/Branco","Atmosfera Sport","87.49","8435778905776","8435778905776","CAL26PROBLWH","3114","Sapatilhas de padel Nox AT10 Pro","Smash Expert","96","8436603199087","","CALAT10BLRE40","",""
"0.59","sapatilhas","Nox","276","Sapatilhas de padel Nox AT10 Pro Preto/Branco","Atmosfera Sport","87.49","8435778905776","8435778905776","CAL26PROBLWH","3115","Sapatilhas de padel Nox AT10 Pro","Smash Expert","103","8436603199094","","CALAT10BLRE41","",""
"0.59","sapatilhas","Nox","276","Sapatilhas de padel Nox AT10 Pro Preto/Branco","Atmosfera Sport","87.49","8435778905776","8435778905776","CAL26PROBLWH","3116","Sapatilhas de padel Nox AT10 Pro","Smash Expert","104","8436603199100","","CALAT10BLRE42","",""
"0.59","sapatilhas","Nox","276","Sapatilhas de padel Nox AT10 Pro Preto/Branco","Atmosfera Sport","87.49","8435778905776","8435778905776","CAL26PROBLWH","3117","Sapatilhas de padel Nox AT10 Pro","Smash Expert","104","8436603199117","","CALAT10BLRE43","",""
"0.59","sapatilhas","Nox","276","Sapatilhas de padel Nox AT10 Pro Preto/Branco","Atmosfera Sport","87.49","8435778905776","8435778905776","CAL26PROBLWH","3118","Sapatilhas de padel Nox AT10 Pro","Smash Expert","96","8436603199155","","CALAT10BLRE47","",""
"0.59","sapatilhas","Wilson","283","Sapatilhas de padel Wilson Hurakn 2.0 Homem Azul/Branco","Atmosfera Sport","92.05","0097512743495","0097512743495","WRS331640","2645","Sapatilhas de padel Wilson Hurakn 2.0","Sport is Good | Smash Expert","93.12","97512676908","","WRS330500","",""
"0.59","sapatilhas","Wilson","283","Sapatilhas de padel Wilson Hurakn 2.0 Homem Azul/Branco","Atmosfera Sport","92.05","0097512743495","0097512743495","WRS331640","2866","Sapatilhas de padel Wilson Hurakn 2.0","Smash Expert","59","97512676625","","WRS330520","",""
"0.59","sapatilhas","Wilson","283","Sapatilhas de padel Wilson Hurakn 2.0 Homem Azul/Branco","Atmosfera Sport","92.05","0097512743495","0097512743495","WRS331640","2896","Sapatilhas de padel Wilson Hurakn 2.0","Smash Expert","105","97512750103","","WRS333030","",""
"0.59","sapatilhas","Wilson","283","Sapatilhas de padel Wilson Hurakn 2.0 Homem Azul/Branco","Atmosfera Sport","92.05","0097512743495","0097512743495","WRS331640","2949","Sapatilhas de padel Wilson Hurakn 2.0","Smash Expert","81","97512743679","","WRS331650","",""
"0.59","sapatilhas","Wilson","1834","Sapatilhas de padel Wilson Bela Tour Black/Black/Branco","Padel Proshop PT","129","097512846486","097512846486","50574301004081","2897","Sapatilhas de padel Wilson Bela Tour","Smash Expert","97.63","97512753159","","WRS331580","",""
"0.59","sapatilhas","Wilson","1834","Sapatilhas de padel Wilson Bela Tour Black/Black/Branco","Padel Proshop PT","129","097512846486","097512846486","50574301004081","3074","Sapatilhas de padel Wilson Bela Tour","Smash Expert","125","97512846448","","WRS335330","",""
"0.58","raquetes","Babolat","2398","Babolat Technical Viper Juan Lebron 2025","Zona de Padel","174.34","3324922164464","3324922164464","10835","2542","Raquete de padel - Babolat Technical Vertuo Juan Lebrón 2.5 2025","Decathlon ES","199.99","3324922289457","","8941514","",""
"0.58","sapatilhas","Bullpadel","206","Sapatilhas de padel Bullpadel Vertex Vibram 25I Azul Homem","Atmosfera Sport","131.99","8445402875764","8445402875764","VERTEXVIBRAM25I-067","2331","Sapatilhas Bullpadel Vertex Vibram 25I maroon 2025","Zona de Padel","86.65","8445402875511","8445402875511","12981","",""
"0.58","sapatilhas","Bullpadel","2094","Bullpadel vertex vibram 26v sapatilhas Padel Mujer","Forum Sport ES","94.85","","8445402957118","493650","2191","Sapatilhas Bullpadel Vertex Vibram 26V orange 2026","Zona de Padel","108.01","8445402953141","8445402953141","14402","",""
"0.58","sapatilhas","Bullpadel","2103","Bullpadel vertex vibram 26v sapatilhas Padel Mujer","Forum Sport ES","94.85","","8445402956883","493660","2191","Sapatilhas Bullpadel Vertex Vibram 26V orange 2026","Zona de Padel","108.01","8445402953141","8445402953141","14402","",""
"0.58","sapatilhas","Bullpadel","2108","Bullpadel vertex vibram 26v sapatilhas Padel Hombre","Forum Sport ES","108.53","","8445402953196","493468","2191","Sapatilhas Bullpadel Vertex Vibram 26V orange 2026","Zona de Padel","108.01","8445402953141","8445402953141","14402","",""
"0.58","sapatilhas","Adidas","2173","Sapatilhas Adidas Crazyquick Boost Padel M orange 2026","Zona de Padel | Smash Expert","103.96","4068811911904","4068811911904","14483","2550","Sapatilhas de padel ADIDAS Crazyquick Boost Hombre 2026 naranja","Decathlon ES","140.49","4068811911973","","9021683","",""
"0.58","sapatilhas","ASICS","168","Sapatilhas de Padel ASICS Gel-Dedicate 8 Padel Mulher Amatista/Branco","Atmosfera Sport | Smash Expert","49.99","4571633436574","4571633436574","1042A241-502","1801","Sapatilhas de padel Asics Gel-Dedicate 8 Branco/Black 2026","Padel Proshop PT","68.9","4550456664371","4550456664371","52318801068337","",""
"0.58","sapatilhas","ASICS","1928","Sapatilhas de padel Asics Solution Swift FF 2 Padel Branco/Dark Cobalt","Padel Proshop PT","87.95","4570158704328","4570158704328","51485247209777","3024","Sapatilhas de padel Asics Solution Swift FF 2","Smash Expert","104","4570158701464","","1041A465 - 401","",""
"0.58","sapatilhas","ASICS","1928","Sapatilhas de padel Asics Solution Swift FF 2 Padel Branco/Dark Cobalt","Padel Proshop PT","87.95","4570158704328","4570158704328","51485247209777","3029","Sapatilhas de padel Asics Solution Swift FF 2","Smash Expert","88","4570158704298","","1041A465 - 100","",""
"0.58","sapatilhas","ASICS","1928","Sapatilhas de padel Asics Solution Swift FF 2 Padel Branco/Dark Cobalt","Padel Proshop PT","87.95","4570158704328","4570158704328","51485247209777","3398","Sapatilhas de padel Asics Solution Swift FF 2","Smash Expert","118","4571633437588","","1041A465 - 402","",""
"0.58","sapatilhas","Mizuno","293","Sapatilhas Mizuno Homem padel Wave Exceed Tour 6 Padel Vermelho Escuro","Atmosfera Sport","112.5","5059431831078","5059431831078","61GB2480-06","2025","Mizuno wave exceed tour 6 padel sapatilhas Padel Hombre","Forum Sport ES","90.44","","5059882574067","61GB2480","",""
"0.58","sapatilhas","Mizuno","293","Sapatilhas Mizuno Homem padel Wave Exceed Tour 6 Padel Vermelho Escuro","Atmosfera Sport","112.5","5059431831078","5059431831078","61GB2480-06","2059","Mizuno wave exceed tour 7 padel sapatilhas Padel Hombre","Forum Sport ES","94.49","","5059882833102","61GB2677","",""
"0.58","sapatilhas","Mizuno","293","Sapatilhas Mizuno Homem padel Wave Exceed Tour 6 Padel Vermelho Escuro","Atmosfera Sport","112.5","5059431831078","5059431831078","61GB2480-06","2686","Sapatilhas de tenis Mizuno Wave Exceed Tour 7 Padel","Sport is Good | Smash Expert","96.17","5059882833133","","61GB267735","",""
"0.58","sapatilhas","Mizuno","294","Sapatilhas Mizuno Mulher de Padel Wave Exceed Light 2 Cc Branco","Atmosfera Sport","93.75","5059431839678","5059431839678","61GC2321-45","2736","Sapatilhas de interior Mizuno Wave Exceed Light Padel","Smash Expert","117","5059431363173","","61GB222210","",""
"0.58","sapatilhas","Mizuno","294","Sapatilhas Mizuno Mulher de Padel Wave Exceed Light 2 Cc Branco","Atmosfera Sport","93.75","5059431839678","5059431839678","61GC2321-45","2737","Sapatilhas de padel interior Mizuno Wave Exceed Light Padel","Smash Expert","117","5059431363289","","61GB222225","",""
"0.58","sapatilhas","Mizuno","294","Sapatilhas Mizuno Mulher de Padel Wave Exceed Light 2 Cc Branco","Atmosfera Sport","93.75","5059431839678","5059431839678","61GC2321-45","2835","Sapatilhas de padel para mujer Mizuno Wave Exceed Light","Smash Expert","125","5059431540383","","61GB232391","",""
"0.58","sapatilhas","Mizuno","307","Sapatilhas padel Homem Mizuno Wave Enforce Tour 2 CC brancos","Atmosfera Sport","100.5","5059882833256","5059882833256","61GC2603-20","1748","Sapatilhas de padel Mizuno Wave Enforce Tour 2 Amarelo","Padel Proshop PT","109","5059882574265","5059882574265","51843181314353","",""
"0.58","sapatilhas","Mizuno","1703","Sapatilhas de padel Mizuno Wave Exceed Tour 6 Verde","Padel Proshop PT","89","5059431840520","5059431840520","49884156231985","2061","Mizuno wave exceed tour 7 cc sapatilhas Padel Hombre","Forum Sport ES","91.79","","5059882833744","61GC2675","",""
"0.58","sapatilhas","Mizuno","1703","Sapatilhas de padel Mizuno Wave Exceed Tour 6 Verde","Padel Proshop PT","89","5059431840520","5059431840520","49884156231985","3066","Sapatilhas de padel para mujer Mizuno Wave Exceed Tour AC","Smash Expert","100.73","5059882572186","","61GA247174","",""
"0.58","sapatilhas","Mizuno","2060","Mizuno wave exceed tour 7 cc sapatilhas Padel Mujer","Forum Sport ES","91.79","","5059882833782","61GC2676","2835","Sapatilhas de padel para mujer Mizuno Wave Exceed Light","Smash Expert","125","5059431540383","","61GB232391","",""
"0.58","sapatilhas","Mizuno","2304","Sapatilhas Mizuno Wave Enforce Court Padel vibrant yellow 2025","Zona de Padel","66.01","5059882573824","5059882573824","13514","2667","Sapatilhas de padel Mizuno Wave Enforce Court","Sport is Good | Smash Expert","50.56","5059882573800","","61GB243745","",""
